{"v":"5.8.1","fr":29.9700012207031,"ip":0,"op":231.000009408823,"w":1600,"h":1200,"nm":"hip hop lottie","ddd":0,"assets":[],"layers":[{"ddd":0,"ind":1,"ty":4,"nm":"legRight Outlines","parent":5,"sr":1,"ks":{"o":{"a":0,"k":100,"ix":11},"r":{"a":1,"k":[{"i":{"x":[0.833],"y":[0.835]},"o":{"x":[0.283],"y":[0]},"t":0,"s":[13]},{"i":{"x":[0.833],"y":[0.833]},"o":{"x":[0.167],"y":[0.17]},"t":9.586,"s":[-7.018]},{"i":{"x":[0.833],"y":[0.833]},"o":{"x":[0.167],"y":[0.167]},"t":14.53,"s":[-17]},{"i":{"x":[0.833],"y":[0.833]},"o":{"x":[0.167],"y":[0.167]},"t":19,"s":[-36]},{"i":{"x":[0.833],"y":[0.833]},"o":{"x":[0.167],"y":[0.167]},"t":29.063,"s":[-45]},{"i":{"x":[0.833],"y":[0.833]},"o":{"x":[0.167],"y":[0.167]},"t":32.42,"s":[-36]},{"i":{"x":[0.833],"y":[1]},"o":{"x":[0.167],"y":[0.167]},"t":48.164,"s":[-36]},{"i":{"x":[0.667],"y":[1]},"o":{"x":[0.167],"y":[0]},"t":57.701,"s":[-21]},{"i":{"x":[0.833],"y":[0.835]},"o":{"x":[0.283],"y":[0]},"t":77.414,"s":[13]},{"i":{"x":[0.833],"y":[0.833]},"o":{"x":[0.167],"y":[0.17]},"t":87,"s":[-7.018]},{"i":{"x":[0.833],"y":[0.833]},"o":{"x":[0.167],"y":[0.167]},"t":91.944,"s":[-17]},{"i":{"x":[0.833],"y":[0.833]},"o":{"x":[0.167],"y":[0.167]},"t":96.414,"s":[-36]},{"i":{"x":[0.833],"y":[0.833]},"o":{"x":[0.167],"y":[0.167]},"t":106.476,"s":[-45]},{"i":{"x":[0.833],"y":[0.833]},"o":{"x":[0.167],"y":[0.167]},"t":109.834,"s":[-36]},{"i":{"x":[0.833],"y":[1]},"o":{"x":[0.167],"y":[0.167]},"t":125.578,"s":[-36]},{"i":{"x":[0.667],"y":[1]},"o":{"x":[0.167],"y":[0]},"t":135.115,"s":[-21]},{"i":{"x":[0.833],"y":[0.835]},"o":{"x":[0.283],"y":[0]},"t":161,"s":[13]},{"i":{"x":[0.833],"y":[0.833]},"o":{"x":[0.167],"y":[0.17]},"t":170.586,"s":[-7.018]},{"i":{"x":[0.833],"y":[0.833]},"o":{"x":[0.167],"y":[0.167]},"t":175.53,"s":[-17]},{"i":{"x":[0.833],"y":[0.833]},"o":{"x":[0.167],"y":[0.167]},"t":180,"s":[-36]},{"i":{"x":[0.833],"y":[0.833]},"o":{"x":[0.167],"y":[0.167]},"t":190.063,"s":[-45]},{"i":{"x":[0.833],"y":[0.833]},"o":{"x":[0.167],"y":[0.167]},"t":193.42,"s":[-36]},{"i":{"x":[0.833],"y":[1]},"o":{"x":[0.167],"y":[0.167]},"t":209.164,"s":[-36]},{"i":{"x":[0.667],"y":[1]},"o":{"x":[0.167],"y":[0]},"t":218.701,"s":[-21]},{"t":231.000009408823,"s":[13]}],"ix":10},"p":{"a":1,"k":[{"i":{"x":0.833,"y":0.833},"o":{"x":0.167,"y":0.167},"t":0,"s":[271.406,230.077,0],"to":[0,-2.32,0],"ti":[0,9.949,0]},{"i":{"x":0.833,"y":0.833},"o":{"x":0.167,"y":0.167},"t":9.586,"s":[271.406,191.759,0],"to":[0,-22.126,0],"ti":[0,-0.287,0]},{"i":{"x":0.833,"y":0.833},"o":{"x":0.167,"y":0.167},"t":14.53,"s":[271.406,165.077,0],"to":[0,0.5,0],"ti":[0,-14.333,0]},{"i":{"x":0.833,"y":0.833},"o":{"x":0.167,"y":0.167},"t":29.063,"s":[271.406,251.077,0],"to":[0,0,0],"ti":[0,0,0]},{"i":{"x":0.833,"y":0.833},"o":{"x":0.167,"y":0.167},"t":32.42,"s":[271.406,251.077,0],"to":[0,-0.407,0],"ti":[0,0,0]},{"i":{"x":0.833,"y":0.833},"o":{"x":0.167,"y":0.167},"t":48.164,"s":[271.406,251.077,0],"to":[0,-0.407,0],"ti":[0,3.594,0]},{"i":{"x":0.833,"y":0.833},"o":{"x":0.167,"y":0.167},"t":51,"s":[271.406,240.015,0],"to":[0,-2.432,0],"ti":[0,0.73,0]},{"i":{"x":0.833,"y":0.833},"o":{"x":0.167,"y":0.167},"t":53.231,"s":[271.406,237.634,0],"to":[0,-1.187,0],"ti":[0,-1.993,0]},{"i":{"x":0.833,"y":0.833},"o":{"x":0.167,"y":0.167},"t":56.586,"s":[271.406,238.595,0],"to":[0,0.897,0],"ti":[0,0.076,0]},{"i":{"x":0.833,"y":0.833},"o":{"x":0.167,"y":0.167},"t":57.701,"s":[271.406,237.077,0],"to":[0,-0.261,0],"ti":[0,-2.724,0]},{"i":{"x":0.833,"y":0.833},"o":{"x":0.167,"y":0.167},"t":63.291,"s":[271.406,234.058,0],"to":[0,2.486,0],"ti":[0,13.833,0]},{"i":{"x":0.833,"y":0.833},"o":{"x":0.167,"y":0.167},"t":77.414,"s":[271.406,230.077,0],"to":[0,-2.32,0],"ti":[0,9.949,0]},{"i":{"x":0.833,"y":0.833},"o":{"x":0.167,"y":0.167},"t":87,"s":[271.406,191.759,0],"to":[0,-22.126,0],"ti":[0,-0.287,0]},{"i":{"x":0.833,"y":0.833},"o":{"x":0.167,"y":0.167},"t":91.944,"s":[271.406,165.077,0],"to":[0,0.5,0],"ti":[0,-14.333,0]},{"i":{"x":0.833,"y":0.833},"o":{"x":0.167,"y":0.167},"t":106.476,"s":[271.406,251.077,0],"to":[0,0,0],"ti":[0,0,0]},{"i":{"x":0.833,"y":0.833},"o":{"x":0.167,"y":0.167},"t":109.834,"s":[271.406,251.077,0],"to":[0,-0.407,0],"ti":[0,0,0]},{"i":{"x":0.833,"y":0.833},"o":{"x":0.167,"y":0.167},"t":125.578,"s":[271.406,251.077,0],"to":[0,-0.407,0],"ti":[0,3.594,0]},{"i":{"x":0.833,"y":0.833},"o":{"x":0.167,"y":0.167},"t":128.414,"s":[271.406,240.015,0],"to":[0,-2.432,0],"ti":[0,0.73,0]},{"i":{"x":0.833,"y":0.833},"o":{"x":0.167,"y":0.167},"t":130.645,"s":[271.406,237.634,0],"to":[0,-1.187,0],"ti":[0,-1.993,0]},{"i":{"x":0.833,"y":0.833},"o":{"x":0.167,"y":0.167},"t":134,"s":[271.406,238.595,0],"to":[0,0.897,0],"ti":[0,0.076,0]},{"i":{"x":0.833,"y":0.833},"o":{"x":0.167,"y":0.167},"t":135.115,"s":[271.406,237.077,0],"to":[0,-0.261,0],"ti":[0,-2.724,0]},{"i":{"x":0.833,"y":0.833},"o":{"x":0.167,"y":0.167},"t":140.705,"s":[271.406,234.058,0],"to":[0,2.486,0],"ti":[0,13.833,0]},{"i":{"x":0.833,"y":0.833},"o":{"x":0.167,"y":0.167},"t":161,"s":[271.406,230.077,0],"to":[0,-2.32,0],"ti":[0,9.949,0]},{"i":{"x":0.833,"y":0.833},"o":{"x":0.167,"y":0.167},"t":170.586,"s":[271.406,191.759,0],"to":[0,-22.126,0],"ti":[0,-0.287,0]},{"i":{"x":0.833,"y":0.833},"o":{"x":0.167,"y":0.167},"t":175.53,"s":[271.406,165.077,0],"to":[0,0.5,0],"ti":[0,-14.333,0]},{"i":{"x":0.833,"y":0.833},"o":{"x":0.167,"y":0.167},"t":190.063,"s":[271.406,251.077,0],"to":[0,0,0],"ti":[0,0,0]},{"i":{"x":0.833,"y":0.833},"o":{"x":0.167,"y":0.167},"t":193.42,"s":[271.406,251.077,0],"to":[0,-0.407,0],"ti":[0,0,0]},{"i":{"x":0.833,"y":0.833},"o":{"x":0.167,"y":0.167},"t":209.164,"s":[271.406,251.077,0],"to":[0,-0.407,0],"ti":[0,3.594,0]},{"i":{"x":0.833,"y":0.833},"o":{"x":0.167,"y":0.167},"t":212,"s":[271.406,240.015,0],"to":[0,-2.432,0],"ti":[0,0.73,0]},{"i":{"x":0.833,"y":0.833},"o":{"x":0.167,"y":0.167},"t":214.231,"s":[271.406,237.634,0],"to":[0,-1.187,0],"ti":[0,-1.993,0]},{"i":{"x":0.833,"y":0.833},"o":{"x":0.167,"y":0.167},"t":217.586,"s":[271.406,238.595,0],"to":[0,0.897,0],"ti":[0,0.076,0]},{"i":{"x":0.833,"y":0.833},"o":{"x":0.167,"y":0.167},"t":218.701,"s":[271.406,237.077,0],"to":[0,-0.261,0],"ti":[0,-2.724,0]},{"i":{"x":0.833,"y":0.833},"o":{"x":0.167,"y":0.167},"t":224.291,"s":[271.406,234.058,0],"to":[0,2.486,0],"ti":[0,13.833,0]},{"t":231.000009408823,"s":[271.406,230.077,0]}],"ix":2,"l":2},"a":{"a":0,"k":[175.689,-161.705,0],"ix":1,"l":2},"s":{"a":0,"k":[100,100,100],"ix":6,"l":2}},"ao":0,"shapes":[{"ty":"gr","it":[{"ind":0,"ty":"sh","ix":1,"ks":{"a":0,"k":{"i":[[0.49,-8.021],[18.98,-25.91],[17.31,4.08],[9.71,3.32],[2.099,14.41],[-6.221,14.769],[-9.97,17.931],[-31.82,-10.04],[-6.04,-9.21]],"o":[[-2.03,33.63],[-7.34,10.021],[-9.47,-2.23],[-30.6,-10.451],[-2.391,-16.43],[6.069,-14.38],[11,-19.79],[13.71,4.321],[7.86,11.96]],"v":[[76.065,-34.62],[49.095,89.91],[9.155,95.44],[-20.105,86.561],[-74.164,49.641],[-42.874,-17.36],[-27.515,-56.471],[37.265,-89.891],[66.305,-68.029]],"c":true},"ix":2},"nm":"Path 1","mn":"ADBE Vector Shape - Group","hd":false},{"ty":"fl","c":{"a":0,"k":[0.898000021542,0.972999961703,0.976000019148,1],"ix":4},"o":{"a":0,"k":100,"ix":5},"r":1,"bm":0,"nm":"Fill 1","mn":"ADBE Vector Graphic - Fill","hd":false},{"ty":"tr","p":{"a":0,"k":[76.805,100.181],"ix":2},"a":{"a":0,"k":[0,0],"ix":1},"s":{"a":0,"k":[100,100],"ix":3},"r":{"a":0,"k":0,"ix":6},"o":{"a":0,"k":100,"ix":7},"sk":{"a":0,"k":0,"ix":4},"sa":{"a":0,"k":0,"ix":5},"nm":"Transform"}],"nm":"Group 1","np":2,"cix":2,"bm":0,"ix":1,"mn":"ADBE Vector Group","hd":false}],"ip":0,"op":233.000009490285,"st":0,"bm":0},{"ddd":0,"ind":2,"ty":4,"nm":"armRight 2 Outlines","parent":5,"sr":1,"ks":{"o":{"a":0,"k":100,"ix":11},"r":{"a":0,"k":0,"ix":10},"p":{"a":0,"k":[167.71,287.881,0],"ix":2,"l":2},"a":{"a":0,"k":[94.39,84.99,0],"ix":1,"l":2},"s":{"a":0,"k":[100,100,100],"ix":6,"l":2}},"ao":0,"shapes":[{"ty":"gr","it":[{"ind":0,"ty":"sh","ix":1,"ks":{"a":0,"k":{"i":[[33.83,-1.78],[20.83,17.34],[-44.14,16.77],[-2.12,23.07],[-0.05,0.91]],"o":[[-30.58,1.61],[18.64,37.47],[54.22,-20.6],[0.09,-0.94],[-11.56,38.48]],"v":[[5.93,35.055],[-88.49,-26.565],[23.63,41.655],[88.28,-55.655],[88.49,-58.425]],"c":true},"ix":2},"nm":"Path 1","mn":"ADBE Vector Shape - Group","hd":false},{"ty":"fl","c":{"a":0,"k":[0.795999983245,0.944999964097,0.952999997606,1],"ix":4},"o":{"a":0,"k":100,"ix":5},"r":1,"bm":0,"nm":"Fill 1","mn":"ADBE Vector Graphic - Fill","hd":false},{"ty":"tr","p":{"a":0,"k":[97,111.305],"ix":2},"a":{"a":0,"k":[0,0],"ix":1},"s":{"a":0,"k":[100,100],"ix":3},"r":{"a":0,"k":0,"ix":6},"o":{"a":0,"k":100,"ix":7},"sk":{"a":0,"k":0,"ix":4},"sa":{"a":0,"k":0,"ix":5},"nm":"Transform"}],"nm":"Group 1","np":2,"cix":2,"bm":0,"ix":1,"mn":"ADBE Vector Group","hd":false},{"ty":"gr","it":[{"ind":0,"ty":"sh","ix":1,"ks":{"a":0,"k":{"i":[[20.5,-15.129],[4.48,-11.642],[3.682,-2.912],[4.552,1.383],[3.253,3.317],[1.028,1.072],[11.328,6.084],[4.947,0.99],[1.28,-13.759],[-5.44,-10.929],[-30.58,1.611],[-11.56,38.48]],"o":[[-6.531,4.826],[-4.21,10.939],[-2.299,1.81],[-3.723,-1.131],[-1.061,-1.082],[-10.276,-10.72],[-4.095,-2.2],[-34.51,-6.9],[-0.68,7.371],[20.83,17.34],[33.83,-1.78],[3.04,-47.319]],"v":[[39.21,-58.731],[23.069,-29.933],[11.54,-5.751],[0.448,-5.1],[-10.46,-11.751],[-13.591,-14.983],[-43.993,-41.885],[-57.46,-46.751],[-93.46,-17.751],[-85.88,10.629],[8.54,72.249],[91.1,-21.231]],"c":true},"ix":2},"nm":"Path 1","mn":"ADBE Vector Shape - Group","hd":false},{"ty":"fl","c":{"a":0,"k":[0.898000021542,0.972999961703,0.976000019148,1],"ix":4},"o":{"a":0,"k":100,"ix":5},"r":1,"bm":0,"nm":"Fill 1","mn":"ADBE Vector Graphic - Fill","hd":false},{"ty":"tr","p":{"a":0,"k":[94.39,74.11],"ix":2},"a":{"a":0,"k":[0,0],"ix":1},"s":{"a":0,"k":[100,100],"ix":3},"r":{"a":0,"k":0,"ix":6},"o":{"a":0,"k":100,"ix":7},"sk":{"a":0,"k":0,"ix":4},"sa":{"a":0,"k":0,"ix":5},"nm":"Transform"}],"nm":"Group 2","np":2,"cix":2,"bm":0,"ix":2,"mn":"ADBE Vector Group","hd":false},{"ty":"gr","it":[{"ind":0,"ty":"sh","ix":1,"ks":{"a":0,"k":{"i":[[-10.275,-10.72],[0,0],[-2.299,1.81],[-4.211,10.939],[0,0]],"o":[[0,0],[4.551,1.383],[3.682,-2.912],[0,0],[11.328,6.084]],"v":[[-3.13,7.818],[10.91,17.701],[22.001,17.05],[33.531,-7.132],[-33.531,-19.084]],"c":true},"ix":2},"nm":"Path 1","mn":"ADBE Vector Shape - Group","hd":false},{"ty":"fl","c":{"a":0,"k":[0.795999983245,0.944999964097,0.952999997606,1],"ix":4},"o":{"a":0,"k":100,"ix":5},"r":1,"bm":0,"nm":"Fill 1","mn":"ADBE Vector Graphic - Fill","hd":false},{"ty":"tr","p":{"a":0,"k":[83.929,51.309],"ix":2},"a":{"a":0,"k":[0,0],"ix":1},"s":{"a":0,"k":[100,100],"ix":3},"r":{"a":0,"k":0,"ix":6},"o":{"a":0,"k":100,"ix":7},"sk":{"a":0,"k":0,"ix":4},"sa":{"a":0,"k":0,"ix":5},"nm":"Transform"}],"nm":"Group 3","np":2,"cix":2,"bm":0,"ix":3,"mn":"ADBE Vector Group","hd":false}],"ip":0,"op":233.000009490285,"st":0,"bm":0},{"ddd":0,"ind":3,"ty":4,"nm":"Radio Outlines","parent":5,"sr":1,"ks":{"o":{"a":0,"k":100,"ix":11},"r":{"a":0,"k":0,"ix":10},"p":{"a":0,"k":[140.607,119.664,0],"ix":2,"l":2},"a":{"a":0,"k":[146.925,142.85,0],"ix":1,"l":2},"s":{"a":0,"k":[100,100,100],"ix":6,"l":2}},"ao":0,"shapes":[{"ty":"gr","it":[{"ind":0,"ty":"sh","ix":1,"ks":{"a":0,"k":{"i":[[0,0],[0,0],[0,0],[0,0],[0,0],[0,0]],"o":[[0,0],[0,0],[0,0],[0,0],[0,0],[0,0]],"v":[[-8.764,6.279],[-6.493,6.836],[4.864,9.621],[8.764,-6.279],[-2.594,-9.064],[-4.865,-9.621]],"c":true},"ix":2},"nm":"Path 1","mn":"ADBE Vector Shape - Group","hd":false},{"ty":"fl","c":{"a":0,"k":[0.234999997008,0.118000000598,0.19199999641,1],"ix":4},"o":{"a":0,"k":100,"ix":5},"r":1,"bm":0,"nm":"Fill 1","mn":"ADBE Vector Graphic - Fill","hd":false},{"ty":"tr","p":{"a":0,"k":[274.806,212.231],"ix":2},"a":{"a":0,"k":[0,0],"ix":1},"s":{"a":0,"k":[100,100],"ix":3},"r":{"a":0,"k":0,"ix":6},"o":{"a":0,"k":100,"ix":7},"sk":{"a":0,"k":0,"ix":4},"sa":{"a":0,"k":0,"ix":5},"nm":"Transform"}],"nm":"Group 1","np":2,"cix":2,"bm":0,"ix":1,"mn":"ADBE Vector Group","hd":false},{"ty":"gr","it":[{"ind":0,"ty":"sh","ix":1,"ks":{"a":0,"k":{"i":[[0,0],[0,0],[0,0],[0,0],[0,0],[0,0]],"o":[[0,0],[0,0],[0,0],[0,0],[0,0],[0,0]],"v":[[-10.157,11.958],[-7.886,12.515],[3.472,15.3],[10.157,-11.958],[-1.2,-14.743],[-3.472,-15.3]],"c":true},"ix":2},"nm":"Path 1","mn":"ADBE Vector Shape - Group","hd":false},{"ty":"fl","c":{"a":0,"k":[0.234999997008,0.118000000598,0.19199999641,1],"ix":4},"o":{"a":0,"k":100,"ix":5},"r":1,"bm":0,"nm":"Fill 1","mn":"ADBE Vector Graphic - Fill","hd":false},{"ty":"tr","p":{"a":0,"k":[283.441,177.023],"ix":2},"a":{"a":0,"k":[0,0],"ix":1},"s":{"a":0,"k":[100,100],"ix":3},"r":{"a":0,"k":0,"ix":6},"o":{"a":0,"k":100,"ix":7},"sk":{"a":0,"k":0,"ix":4},"sa":{"a":0,"k":0,"ix":5},"nm":"Transform"}],"nm":"Group 2","np":2,"cix":2,"bm":0,"ix":2,"mn":"ADBE Vector Group","hd":false},{"ty":"gr","it":[{"ind":0,"ty":"sh","ix":1,"ks":{"a":0,"k":{"i":[[0,0],[0,0],[0,0],[0,0]],"o":[[0,0],[0,0],[0,0],[0,0]],"v":[[82.609,16.648],[-80.939,-23.462],[-82.609,-16.647],[80.938,23.462]],"c":true},"ix":2},"nm":"Path 1","mn":"ADBE Vector Shape - Group","hd":false},{"ty":"fl","c":{"a":0,"k":[0.936999990426,0.616000007181,0.46699999641,1],"ix":4},"o":{"a":0,"k":100,"ix":5},"r":1,"bm":0,"nm":"Fill 1","mn":"ADBE Vector Graphic - Fill","hd":false},{"ty":"tr","p":{"a":0,"k":[157.544,120.861],"ix":2},"a":{"a":0,"k":[0,0],"ix":1},"s":{"a":0,"k":[100,100],"ix":3},"r":{"a":0,"k":0,"ix":6},"o":{"a":0,"k":100,"ix":7},"sk":{"a":0,"k":0,"ix":4},"sa":{"a":0,"k":0,"ix":5},"nm":"Transform"}],"nm":"Group 3","np":2,"cix":2,"bm":0,"ix":3,"mn":"ADBE Vector Group","hd":false},{"ty":"gr","it":[{"ind":0,"ty":"sh","ix":1,"ks":{"a":0,"k":{"i":[[0,0],[0,0],[0,0],[0,0]],"o":[[0,0],[0,0],[0,0],[0,0]],"v":[[-9.708,-14.422],[-15.279,8.294],[9.708,14.422],[15.279,-8.293]],"c":true},"ix":2},"nm":"Path 1","mn":"ADBE Vector Shape - Group","hd":false},{"ty":"fl","c":{"a":0,"k":[0.702000038297,0.463000009574,0.349000010771,1],"ix":4},"o":{"a":0,"k":100,"ix":5},"r":1,"bm":0,"nm":"Fill 1","mn":"ADBE Vector Graphic - Fill","hd":false},{"ty":"tr","p":{"a":0,"k":[261.176,145.073],"ix":2},"a":{"a":0,"k":[0,0],"ix":1},"s":{"a":0,"k":[100,100],"ix":3},"r":{"a":0,"k":0,"ix":6},"o":{"a":0,"k":100,"ix":7},"sk":{"a":0,"k":0,"ix":4},"sa":{"a":0,"k":0,"ix":5},"nm":"Transform"}],"nm":"Group 4","np":2,"cix":2,"bm":0,"ix":4,"mn":"ADBE Vector Group","hd":false},{"ty":"gr","it":[{"ind":0,"ty":"sh","ix":1,"ks":{"a":0,"k":{"i":[[0,0],[0,0],[0,0],[0,0]],"o":[[0,0],[0,0],[0,0],[0,0]],"v":[[15.279,-8.294],[-9.707,-14.422],[-15.279,8.294],[9.708,14.422]],"c":true},"ix":2},"nm":"Path 1","mn":"ADBE Vector Shape - Group","hd":false},{"ty":"fl","c":{"a":0,"k":[0.702000038297,0.463000009574,0.349000010771,1],"ix":4},"o":{"a":0,"k":100,"ix":5},"r":1,"bm":0,"nm":"Fill 1","mn":"ADBE Vector Graphic - Fill","hd":false},{"ty":"tr","p":{"a":0,"k":[56.741,94.935],"ix":2},"a":{"a":0,"k":[0,0],"ix":1},"s":{"a":0,"k":[100,100],"ix":3},"r":{"a":0,"k":0,"ix":6},"o":{"a":0,"k":100,"ix":7},"sk":{"a":0,"k":0,"ix":4},"sa":{"a":0,"k":0,"ix":5},"nm":"Transform"}],"nm":"Group 5","np":2,"cix":2,"bm":0,"ix":5,"mn":"ADBE Vector Group","hd":false},{"ty":"gr","it":[{"ind":0,"ty":"sh","ix":1,"ks":{"a":0,"k":{"i":[[0,0],[0,0],[0,0],[0,0]],"o":[[0,0],[0,0],[0,0],[0,0]],"v":[[-5.1,1.157],[3.986,3.385],[5.1,-1.157],[-3.986,-3.385]],"c":true},"ix":2},"nm":"Path 1","mn":"ADBE Vector Shape - Group","hd":false},{"ty":"fl","c":{"a":0,"k":[0.702000038297,0.463000009574,0.349000010771,1],"ix":4},"o":{"a":0,"k":100,"ix":5},"r":1,"bm":0,"nm":"Fill 1","mn":"ADBE Vector Graphic - Fill","hd":false},{"ty":"tr","p":{"a":0,"k":[156.41,184.398],"ix":2},"a":{"a":0,"k":[0,0],"ix":1},"s":{"a":0,"k":[100,100],"ix":3},"r":{"a":0,"k":0,"ix":6},"o":{"a":0,"k":100,"ix":7},"sk":{"a":0,"k":0,"ix":4},"sa":{"a":0,"k":0,"ix":5},"nm":"Transform"}],"nm":"Group 6","np":2,"cix":2,"bm":0,"ix":6,"mn":"ADBE Vector Group","hd":false},{"ty":"gr","it":[{"ind":0,"ty":"sh","ix":1,"ks":{"a":0,"k":{"i":[[0,0],[0,0],[0,0],[0,0]],"o":[[0,0],[0,0],[0,0],[0,0]],"v":[[-5.1,1.157],[3.986,3.386],[5.1,-1.157],[-3.986,-3.386]],"c":true},"ix":2},"nm":"Path 1","mn":"ADBE Vector Shape - Group","hd":false},{"ty":"fl","c":{"a":0,"k":[0.702000038297,0.463000009574,0.349000010771,1],"ix":4},"o":{"a":0,"k":100,"ix":5},"r":1,"bm":0,"nm":"Fill 1","mn":"ADBE Vector Graphic - Fill","hd":false},{"ty":"tr","p":{"a":0,"k":[133.695,178.828],"ix":2},"a":{"a":0,"k":[0,0],"ix":1},"s":{"a":0,"k":[100,100],"ix":3},"r":{"a":0,"k":0,"ix":6},"o":{"a":0,"k":100,"ix":7},"sk":{"a":0,"k":0,"ix":4},"sa":{"a":0,"k":0,"ix":5},"nm":"Transform"}],"nm":"Group 7","np":2,"cix":2,"bm":0,"ix":7,"mn":"ADBE Vector Group","hd":false},{"ty":"gr","it":[{"ind":0,"ty":"sh","ix":1,"ks":{"a":0,"k":{"i":[[0,0],[0,0],[0,0],[0,0]],"o":[[0,0],[0,0],[0,0],[0,0]],"v":[[15.065,7.307],[5.978,5.079],[7.092,0.536],[16.178,2.764]],"c":true},"ix":2},"nm":"Path 1","mn":"ADBE Vector Shape - Group","hd":false},{"ind":1,"ty":"sh","ix":2,"ks":{"a":0,"k":{"i":[[0,0],[0,0],[0,0],[0,0]],"o":[[0,0],[0,0],[0,0],[0,0]],"v":[[-7.651,1.736],[-16.737,-0.492],[-15.622,-5.035],[-6.536,-2.807]],"c":true},"ix":2},"nm":"Path 2","mn":"ADBE Vector Shape - Group","hd":false},{"ind":2,"ty":"sh","ix":3,"ks":{"a":0,"k":{"i":[[0,0],[0,0],[0,0],[0,0]],"o":[[0,0],[0,0],[0,0],[0,0]],"v":[[-18.495,-12.964],[-22.393,2.937],[18.493,12.964],[22.393,-2.936]],"c":true},"ix":2},"nm":"Path 3","mn":"ADBE Vector Shape - Group","hd":false},{"ty":"mm","mm":1,"nm":"Merge Paths 1","mn":"ADBE Vector Filter - Merge","hd":false},{"ty":"fl","c":{"a":0,"k":[0.936999990426,0.616000007181,0.46699999641,1],"ix":4},"o":{"a":0,"k":100,"ix":5},"r":1,"bm":0,"nm":"Fill 1","mn":"ADBE Vector Graphic - Fill","hd":false},{"ty":"tr","p":{"a":0,"k":[145.331,180.477],"ix":2},"a":{"a":0,"k":[0,0],"ix":1},"s":{"a":0,"k":[100,100],"ix":3},"r":{"a":0,"k":0,"ix":6},"o":{"a":0,"k":100,"ix":7},"sk":{"a":0,"k":0,"ix":4},"sa":{"a":0,"k":0,"ix":5},"nm":"Transform"}],"nm":"Group 8","np":5,"cix":2,"bm":0,"ix":8,"mn":"ADBE Vector Group","hd":false},{"ty":"gr","it":[{"ind":0,"ty":"sh","ix":1,"ks":{"a":0,"k":{"i":[[0,0],[0,0],[0,0],[0,0]],"o":[[0,0],[0,0],[0,0],[0,0]],"v":[[19.886,7.285],[-21.001,-2.742],[-17.101,-18.643],[23.786,-8.615]],"c":true},"ix":2},"nm":"Path 1","mn":"ADBE Vector Shape - Group","hd":false},{"ind":1,"ty":"sh","ix":2,"ks":{"a":0,"k":{"i":[[0,0],[0,0],[0,0],[0,0]],"o":[[0,0],[0,0],[0,0],[0,0]],"v":[[-22.802,-24.857],[-31.715,11.487],[22.801,24.857],[31.715,-11.487]],"c":true},"ix":2},"nm":"Path 2","mn":"ADBE Vector Shape - Group","hd":false},{"ty":"mm","mm":1,"nm":"Merge Paths 1","mn":"ADBE Vector Filter - Merge","hd":false},{"ty":"fl","c":{"a":0,"k":[0.948999980852,0.689999988032,0.573000021542,1],"ix":4},"o":{"a":0,"k":100,"ix":5},"r":1,"bm":0,"nm":"Fill 1","mn":"ADBE Vector Graphic - Fill","hd":false},{"ty":"tr","p":{"a":0,"k":[143.939,186.156],"ix":2},"a":{"a":0,"k":[0,0],"ix":1},"s":{"a":0,"k":[100,100],"ix":3},"r":{"a":0,"k":0,"ix":6},"o":{"a":0,"k":100,"ix":7},"sk":{"a":0,"k":0,"ix":4},"sa":{"a":0,"k":0,"ix":5},"nm":"Transform"}],"nm":"Group 9","np":4,"cix":2,"bm":0,"ix":9,"mn":"ADBE Vector Group","hd":false},{"ty":"gr","it":[{"ind":0,"ty":"sh","ix":1,"ks":{"a":0,"k":{"i":[[6.899,1.692],[1.693,-6.9],[-6.9,-1.692],[-1.692,6.9]],"o":[[-6.9,-1.692],[-1.692,6.9],[6.899,1.693],[1.692,-6.9]],"v":[[3.065,-12.494],[-12.494,-3.065],[-3.064,12.492],[12.493,3.063]],"c":true},"ix":2},"nm":"Path 1","mn":"ADBE Vector Shape - Group","hd":false},{"ty":"fl","c":{"a":0,"k":[0.46699999641,0.305999995213,0.234999997008,1],"ix":4},"o":{"a":0,"k":100,"ix":5},"r":1,"bm":0,"nm":"Fill 1","mn":"ADBE Vector Graphic - Fill","hd":false},{"ty":"tr","p":{"a":0,"k":[222.626,213.883],"ix":2},"a":{"a":0,"k":[0,0],"ix":1},"s":{"a":0,"k":[100,100],"ix":3},"r":{"a":0,"k":0,"ix":6},"o":{"a":0,"k":100,"ix":7},"sk":{"a":0,"k":0,"ix":4},"sa":{"a":0,"k":0,"ix":5},"nm":"Transform"}],"nm":"Group 10","np":2,"cix":2,"bm":0,"ix":10,"mn":"ADBE Vector Group","hd":false},{"ty":"gr","it":[{"ind":0,"ty":"sh","ix":1,"ks":{"a":0,"k":{"i":[[1.692,-6.9],[6.899,1.693],[-1.692,6.9],[-6.9,-1.693]],"o":[[-1.692,6.9],[-6.9,-1.692],[1.693,-6.9],[6.899,1.692]],"v":[[12.494,3.064],[-3.063,12.493],[-12.493,-3.064],[3.065,-12.493]],"c":true},"ix":2},"nm":"Path 1","mn":"ADBE Vector Shape - Group","hd":false},{"ind":1,"ty":"sh","ix":2,"ks":{"a":0,"k":{"i":[[17.563,4.307],[4.307,-17.563],[-17.564,-4.308],[-4.308,17.563]],"o":[[-17.563,-4.307],[-4.308,17.563],[17.563,4.307],[4.307,-17.563]],"v":[[7.8,-31.801],[-31.8,-7.799],[-7.799,31.801],[31.802,7.799]],"c":true},"ix":2},"nm":"Path 2","mn":"ADBE Vector Shape - Group","hd":false},{"ty":"mm","mm":1,"nm":"Merge Paths 1","mn":"ADBE Vector Filter - Merge","hd":false},{"ty":"fl","c":{"a":0,"k":[0.234999997008,0.152999997606,0.118000000598,1],"ix":4},"o":{"a":0,"k":100,"ix":5},"r":1,"bm":0,"nm":"Fill 1","mn":"ADBE Vector Graphic - Fill","hd":false},{"ty":"tr","p":{"a":0,"k":[222.627,213.883],"ix":2},"a":{"a":0,"k":[0,0],"ix":1},"s":{"a":0,"k":[100,100],"ix":3},"r":{"a":0,"k":0,"ix":6},"o":{"a":0,"k":100,"ix":7},"sk":{"a":0,"k":0,"ix":4},"sa":{"a":0,"k":0,"ix":5},"nm":"Transform"}],"nm":"Group 11","np":4,"cix":2,"bm":0,"ix":11,"mn":"ADBE Vector Group","hd":false},{"ty":"gr","it":[{"ind":0,"ty":"sh","ix":1,"ks":{"a":0,"k":{"i":[[4.307,-17.563],[17.563,4.308],[-4.307,17.563],[-17.564,-4.308]],"o":[[-4.308,17.563],[-17.564,-4.307],[4.308,-17.563],[17.563,4.307]],"v":[[31.801,7.799],[-7.799,31.801],[-31.801,-7.8],[7.8,-31.8]],"c":true},"ix":2},"nm":"Path 1","mn":"ADBE Vector Shape - Group","hd":false},{"ind":1,"ty":"sh","ix":2,"ks":{"a":0,"k":{"i":[[21.327,5.23],[5.231,-21.327],[-21.327,-5.231],[-5.23,21.327]],"o":[[-21.326,-5.23],[-5.23,21.327],[21.326,5.23],[5.231,-21.327]],"v":[[9.47,-38.615],[-38.616,-9.47],[-9.47,38.616],[38.615,9.471]],"c":true},"ix":2},"nm":"Path 2","mn":"ADBE Vector Shape - Group","hd":false},{"ty":"mm","mm":1,"nm":"Merge Paths 1","mn":"ADBE Vector Filter - Merge","hd":false},{"ty":"fl","c":{"a":0,"k":[0.46699999641,0.305999995213,0.234999997008,1],"ix":4},"o":{"a":0,"k":100,"ix":5},"r":1,"bm":0,"nm":"Fill 1","mn":"ADBE Vector Graphic - Fill","hd":false},{"ty":"tr","p":{"a":0,"k":[222.627,213.883],"ix":2},"a":{"a":0,"k":[0,0],"ix":1},"s":{"a":0,"k":[100,100],"ix":3},"r":{"a":0,"k":0,"ix":6},"o":{"a":0,"k":100,"ix":7},"sk":{"a":0,"k":0,"ix":4},"sa":{"a":0,"k":0,"ix":5},"nm":"Transform"}],"nm":"Group 12","np":4,"cix":2,"bm":0,"ix":12,"mn":"ADBE Vector Group","hd":false},{"ty":"gr","it":[{"ind":0,"ty":"sh","ix":1,"ks":{"a":0,"k":{"i":[[6.9,1.692],[1.692,-6.9],[-6.9,-1.692],[-1.692,6.9]],"o":[[-6.9,-1.692],[-1.693,6.9],[6.9,1.693],[1.693,-6.899]],"v":[[3.064,-12.494],[-12.493,-3.065],[-3.064,12.492],[12.493,3.063]],"c":true},"ix":2},"nm":"Path 1","mn":"ADBE Vector Shape - Group","hd":false},{"ty":"fl","c":{"a":0,"k":[0.46699999641,0.305999995213,0.234999997008,1],"ix":4},"o":{"a":0,"k":100,"ix":5},"r":1,"bm":0,"nm":"Fill 1","mn":"ADBE Vector Graphic - Fill","hd":false},{"ty":"tr","p":{"a":0,"k":[59.079,173.772],"ix":2},"a":{"a":0,"k":[0,0],"ix":1},"s":{"a":0,"k":[100,100],"ix":3},"r":{"a":0,"k":0,"ix":6},"o":{"a":0,"k":100,"ix":7},"sk":{"a":0,"k":0,"ix":4},"sa":{"a":0,"k":0,"ix":5},"nm":"Transform"}],"nm":"Group 13","np":2,"cix":2,"bm":0,"ix":13,"mn":"ADBE Vector Group","hd":false},{"ty":"gr","it":[{"ind":0,"ty":"sh","ix":1,"ks":{"a":0,"k":{"i":[[1.692,-6.899],[6.9,1.693],[-1.693,6.9],[-6.9,-1.692]],"o":[[-1.692,6.9],[-6.9,-1.692],[1.692,-6.9],[6.9,1.692]],"v":[[12.494,3.064],[-3.063,12.493],[-12.492,-3.064],[3.065,-12.493]],"c":true},"ix":2},"nm":"Path 1","mn":"ADBE Vector Shape - Group","hd":false},{"ind":1,"ty":"sh","ix":2,"ks":{"a":0,"k":{"i":[[17.563,4.308],[4.307,-17.563],[-17.563,-4.307],[-4.308,17.564]],"o":[[-17.563,-4.307],[-4.308,17.563],[17.563,4.307],[4.307,-17.563]],"v":[[7.799,-31.801],[-31.8,-7.799],[-7.799,31.801],[31.802,7.799]],"c":true},"ix":2},"nm":"Path 2","mn":"ADBE Vector Shape - Group","hd":false},{"ty":"mm","mm":1,"nm":"Merge Paths 1","mn":"ADBE Vector Filter - Merge","hd":false},{"ty":"fl","c":{"a":0,"k":[0.234999997008,0.152999997606,0.118000000598,1],"ix":4},"o":{"a":0,"k":100,"ix":5},"r":1,"bm":0,"nm":"Fill 1","mn":"ADBE Vector Graphic - Fill","hd":false},{"ty":"tr","p":{"a":0,"k":[59.079,173.772],"ix":2},"a":{"a":0,"k":[0,0],"ix":1},"s":{"a":0,"k":[100,100],"ix":3},"r":{"a":0,"k":0,"ix":6},"o":{"a":0,"k":100,"ix":7},"sk":{"a":0,"k":0,"ix":4},"sa":{"a":0,"k":0,"ix":5},"nm":"Transform"}],"nm":"Group 14","np":4,"cix":2,"bm":0,"ix":14,"mn":"ADBE Vector Group","hd":false},{"ty":"gr","it":[{"ind":0,"ty":"sh","ix":1,"ks":{"a":0,"k":{"i":[[4.308,-17.563],[17.563,4.307],[-4.307,17.564],[-17.563,-4.308]],"o":[[-4.307,17.563],[-17.563,-4.308],[4.308,-17.563],[17.563,4.308]],"v":[[31.801,7.799],[-7.799,31.801],[-31.802,-7.8],[7.799,-31.801]],"c":true},"ix":2},"nm":"Path 1","mn":"ADBE Vector Shape - Group","hd":false},{"ind":1,"ty":"sh","ix":2,"ks":{"a":0,"k":{"i":[[21.327,5.231],[5.23,-21.327],[-21.327,-5.23],[-5.231,21.327]],"o":[[-21.327,-5.23],[-5.23,21.327],[21.326,5.231],[5.23,-21.326]],"v":[[9.471,-38.616],[-38.615,-9.471],[-9.471,38.615],[38.615,9.47]],"c":true},"ix":2},"nm":"Path 2","mn":"ADBE Vector Shape - Group","hd":false},{"ty":"mm","mm":1,"nm":"Merge Paths 1","mn":"ADBE Vector Filter - Merge","hd":false},{"ty":"fl","c":{"a":0,"k":[0.46699999641,0.305999995213,0.234999997008,1],"ix":4},"o":{"a":0,"k":100,"ix":5},"r":1,"bm":0,"nm":"Fill 1","mn":"ADBE Vector Graphic - Fill","hd":false},{"ty":"tr","p":{"a":0,"k":[59.079,173.772],"ix":2},"a":{"a":0,"k":[0,0],"ix":1},"s":{"a":0,"k":[100,100],"ix":3},"r":{"a":0,"k":0,"ix":6},"o":{"a":0,"k":100,"ix":7},"sk":{"a":0,"k":0,"ix":4},"sa":{"a":0,"k":0,"ix":5},"nm":"Transform"}],"nm":"Group 15","np":4,"cix":2,"bm":0,"ix":15,"mn":"ADBE Vector Group","hd":false},{"ty":"gr","it":[{"ind":0,"ty":"sh","ix":1,"ks":{"a":0,"k":{"i":[[0,0],[0,0],[0,0],[0,0]],"o":[[0,0],[0,0],[0,0],[0,0]],"v":[[23.659,26.271],[-30.858,12.901],[-21.944,-23.443],[32.572,-10.073]],"c":true},"ix":2},"nm":"Path 1","mn":"ADBE Vector Shape - Group","hd":false},{"ind":1,"ty":"sh","ix":2,"ks":{"a":0,"k":{"i":[[0,0],[0,0],[0,0],[0,0]],"o":[[0,0],[0,0],[0,0],[0,0]],"v":[[-29.101,-38.443],[-43.587,20.616],[29.102,38.443],[43.587,-20.616]],"c":true},"ix":2},"nm":"Path 2","mn":"ADBE Vector Shape - Group","hd":false},{"ty":"mm","mm":1,"nm":"Merge Paths 1","mn":"ADBE Vector Filter - Merge","hd":false},{"ty":"fl","c":{"a":0,"k":[0.936999990426,0.616000007181,0.46699999641,1],"ix":4},"o":{"a":0,"k":100,"ix":5},"r":1,"bm":0,"nm":"Fill 1","mn":"ADBE Vector Graphic - Fill","hd":false},{"ty":"tr","p":{"a":0,"k":[143.081,184.742],"ix":2},"a":{"a":0,"k":[0,0],"ix":1},"s":{"a":0,"k":[100,100],"ix":3},"r":{"a":0,"k":0,"ix":6},"o":{"a":0,"k":100,"ix":7},"sk":{"a":0,"k":0,"ix":4},"sa":{"a":0,"k":0,"ix":5},"nm":"Transform"}],"nm":"Group 16","np":4,"cix":2,"bm":0,"ix":16,"mn":"ADBE Vector Group","hd":false},{"ty":"gr","it":[{"ind":0,"ty":"sh","ix":1,"ks":{"a":0,"k":{"i":[[0,0],[0,0],[0,0],[0,0]],"o":[[0,0],[0,0],[0,0],[0,0]],"v":[[100.866,-23.425],[106.437,-46.14],[131.424,-40.012],[125.852,-17.297]],"c":true},"ix":2},"nm":"Path 1","mn":"ADBE Vector Shape - Group","hd":false},{"ind":1,"ty":"sh","ix":2,"ks":{"a":0,"k":{"i":[[5.231,-21.327],[21.327,5.23],[-5.23,21.327],[-21.326,-5.23]],"o":[[-5.23,21.326],[-21.326,-5.231],[5.231,-21.327],[21.327,5.23]],"v":[[116.211,46.562],[68.125,75.707],[38.98,27.621],[87.066,-1.524]],"c":true},"ix":2},"nm":"Path 2","mn":"ADBE Vector Shape - Group","hd":false},{"ind":2,"ty":"sh","ix":3,"ks":{"a":0,"k":{"i":[[0,0],[0,0],[0,0],[0,0]],"o":[[0,0],[0,0],[0,0],[0,0]],"v":[[-45.536,28.566],[-31.051,-30.492],[41.637,-12.666],[27.152,46.393]],"c":true},"ix":2},"nm":"Path 3","mn":"ADBE Vector Shape - Group","hd":false},{"ind":3,"ty":"sh","ix":4,"ks":{"a":0,"k":{"i":[[5.23,-21.326],[21.327,5.231],[-5.231,21.326],[-21.327,-5.231]],"o":[[-5.231,21.327],[-21.326,-5.23],[5.23,-21.328],[21.326,5.23]],"v":[[-47.336,6.451],[-95.423,35.596],[-124.567,-12.489],[-76.481,-41.634]],"c":true},"ix":2},"nm":"Path 4","mn":"ADBE Vector Shape - Group","hd":false},{"ind":4,"ty":"sh","ix":5,"ks":{"a":0,"k":{"i":[[0,0],[0,0],[0,0],[0,0]],"o":[[0,0],[0,0],[0,0],[0,0]],"v":[[-97.997,-96.278],[-73.011,-90.15],[-78.582,-67.435],[-103.569,-73.563]],"c":true},"ix":2},"nm":"Path 5","mn":"ADBE Vector Shape - Group","hd":false},{"ind":5,"ty":"sh","ix":6,"ks":{"a":0,"k":{"i":[[0,0],[0,0],[0,0],[0,0]],"o":[[0,0],[0,0],[0,0],[0,0]],"v":[[-68.425,-79.393],[95.123,-39.282],[93.451,-32.467],[-70.096,-72.578]],"c":true},"ix":2},"nm":"Path 6","mn":"ADBE Vector Shape - Group","hd":false},{"ind":6,"ty":"sh","ix":7,"ks":{"a":0,"k":{"i":[[0,0],[0,0],[0,0],[0,0],[2.351,0.576],[0,0],[0,0],[0,0],[0.576,-2.35],[0,0],[-2.35,-0.576],[0,0],[-0.577,2.35],[0,0],[0,0],[0,0],[0,0],[0,0]],"o":[[0,0],[0,0],[0,0],[0.576,-2.351],[0,0],[0,0],[0,0],[-2.351,-0.576],[0,0],[-0.576,2.351],[0,0],[2.351,0.576],[0,0],[0,0],[0,0],[0,0],[0,0],[0,0]],"v":[[128.253,12.19],[134.938,-15.069],[137.21,-14.511],[144.206,-43.034],[140.993,-48.334],[-75.352,-101.393],[-84.551,-103.649],[-102.631,-108.084],[-107.93,-104.872],[-144.205,43.034],[-140.993,48.334],[102.631,108.084],[107.93,104.872],[123.283,42.276],[121.011,41.719],[124.911,25.819],[127.182,26.376],[130.525,12.747]],"c":true},"ix":2},"nm":"Path 7","mn":"ADBE Vector Shape - Group","hd":false},{"ty":"mm","mm":1,"nm":"Merge Paths 1","mn":"ADBE Vector Filter - Merge","hd":false},{"ty":"fl","c":{"a":0,"k":[0.948999980852,0.689999988032,0.573000021542,1],"ix":4},"o":{"a":0,"k":100,"ix":5},"r":1,"bm":0,"nm":"Fill 1","mn":"ADBE Vector Graphic - Fill","hd":false},{"ty":"tr","p":{"a":0,"k":[145.031,176.791],"ix":2},"a":{"a":0,"k":[0,0],"ix":1},"s":{"a":0,"k":[100,100],"ix":3},"r":{"a":0,"k":0,"ix":6},"o":{"a":0,"k":100,"ix":7},"sk":{"a":0,"k":0,"ix":4},"sa":{"a":0,"k":0,"ix":5},"nm":"Transform"}],"nm":"Group 17","np":9,"cix":2,"bm":0,"ix":17,"mn":"ADBE Vector Group","hd":false},{"ty":"gr","it":[{"ind":0,"ty":"sh","ix":1,"ks":{"a":0,"k":{"i":[[0,0],[0,0],[0,0],[0,0]],"o":[[0,0],[0,0],[0,0],[0,0]],"v":[[75.308,-33.031],[76.421,-37.574],[-76.421,35.318],[-67.223,37.574]],"c":true},"ix":2},"nm":"Path 1","mn":"ADBE Vector Shape - Group","hd":false},{"ty":"fl","c":{"a":0,"k":[0.987999949736,0.922000002394,0.894000004787,1],"ix":4},"o":{"a":0,"k":100,"ix":5},"r":1,"bm":0,"nm":"Fill 1","mn":"ADBE Vector Graphic - Fill","hd":false},{"ty":"tr","p":{"a":0,"k":[136.901,37.824],"ix":2},"a":{"a":0,"k":[0,0],"ix":1},"s":{"a":0,"k":[100,100],"ix":3},"r":{"a":0,"k":0,"ix":6},"o":{"a":0,"k":100,"ix":7},"sk":{"a":0,"k":0,"ix":4},"sa":{"a":0,"k":0,"ix":5},"nm":"Transform"}],"nm":"Group 18","np":2,"cix":2,"bm":0,"ix":18,"mn":"ADBE Vector Group","hd":false}],"ip":0,"op":233.000009490285,"st":0,"bm":0},{"ddd":0,"ind":4,"ty":4,"nm":"earRight Outlines","parent":5,"sr":1,"ks":{"o":{"a":0,"k":100,"ix":11},"r":{"a":0,"k":0,"ix":10},"p":{"a":0,"k":[228.284,-31.573,0],"ix":2,"l":2},"a":{"a":0,"k":[117.284,138.581,0],"ix":1,"l":2},"s":{"a":0,"k":[100,100,100],"ix":6,"l":2}},"ao":0,"shapes":[{"ty":"gr","it":[{"ind":0,"ty":"sh","ix":1,"ks":{"a":0,"k":{"i":[[0.899,1.198],[1.501,-0.454],[1.707,-1.138],[5,4],[5,-2],[1,3],[2.208,-10.814],[0.005,-0.024],[0.388,-2.194],[-9.394,-1.942],[-0.526,-0.082],[-3,7],[-0.572,3.84]],"o":[[-1.319,-1.758],[-1.98,0.599],[1,-4],[-7.809,-6.247],[1,-3],[-1.301,-3.903],[-0.005,0.024],[-0.493,2.461],[-5.209,29.434],[0.497,0.103],[14.5,2.26],[1.379,-3.219],[0.244,-1.642]],"v":[[18.457,-7.3],[14.155,-8.842],[8.457,-5.3],[12.457,-22.3],[-0.543,-13.3],[-0.543,-21.3],[-12.982,-18.147],[-12.997,-18.077],[-14.315,-11.106],[-6.074,26.421],[-4.543,26.7],[14.457,8.7],[19.28,-2.952]],"c":true},"ix":2},"nm":"Path 1","mn":"ADBE Vector Shape - Group","hd":false},{"ty":"fl","c":{"a":0,"k":[0.898000021542,0.972999961703,0.976000019148,1],"ix":4},"o":{"a":0,"k":100,"ix":5},"r":1,"bm":0,"nm":"Fill 1","mn":"ADBE Vector Graphic - Fill","hd":false},{"ty":"tr","p":{"a":0,"k":[125.794,216.976],"ix":2},"a":{"a":0,"k":[0,0],"ix":1},"s":{"a":0,"k":[100,100],"ix":3},"r":{"a":0,"k":0,"ix":6},"o":{"a":0,"k":100,"ix":7},"sk":{"a":0,"k":0,"ix":4},"sa":{"a":0,"k":0,"ix":5},"nm":"Transform"}],"nm":"Group 1","np":2,"cix":2,"bm":0,"ix":1,"mn":"ADBE Vector Group","hd":false},{"ty":"gr","it":[{"ind":0,"ty":"sh","ix":1,"ks":{"a":0,"k":{"i":[[7.052,-81.935],[0.144,-2.289],[-1.301,-3.903],[1,-3],[-7.808,-6.247],[1,-4],[-1.98,0.599],[-36.562,19.928],[10.833,-10.112]],"o":[[-0.194,2.259],[2.208,-10.814],[1,3],[5,-2],[5,4],[1.707,-1.138],[1.942,-64.322],[-6.862,1.226],[-30.824,28.774]],"v":[[-52.213,85.33],[-52.719,92.153],[-40.281,89],[-40.281,97],[-27.281,88],[-31.281,105],[-25.583,101.457],[52.719,-105],[25.276,-87.681]],"c":true},"ix":2},"nm":"Path 1","mn":"ADBE Vector Shape - Group","hd":false},{"ty":"fl","c":{"a":0,"k":[0.936999990426,0.616000007181,0.46699999641,1],"ix":4},"o":{"a":0,"k":100,"ix":5},"r":1,"bm":0,"nm":"Fill 1","mn":"ADBE Vector Graphic - Fill","hd":false},{"ty":"tr","p":{"a":0,"k":[165.531,106.677],"ix":2},"a":{"a":0,"k":[0,0],"ix":1},"s":{"a":0,"k":[100,100],"ix":3},"r":{"a":0,"k":0,"ix":6},"o":{"a":0,"k":100,"ix":7},"sk":{"a":0,"k":0,"ix":4},"sa":{"a":0,"k":0,"ix":5},"nm":"Transform"}],"nm":"Group 2","np":2,"cix":2,"bm":0,"ix":2,"mn":"ADBE Vector Group","hd":false},{"ty":"gr","it":[{"ind":0,"ty":"sh","ix":1,"ks":{"a":0,"k":{"i":[[0.403,-4.285],[-0.493,2.461],[-0.005,0.024],[-0.194,2.259]],"o":[[0.388,-2.194],[0.005,-0.024],[0.144,-2.289],[-0.823,4.951]],"v":[[-0.919,6.931],[0.397,-0.039],[0.413,-0.108],[0.919,-6.931]],"c":true},"ix":2},"nm":"Path 1","mn":"ADBE Vector Shape - Group","hd":false},{"ty":"fl","c":{"a":0,"k":[0.948999980852,0.689999988032,0.573000021542,1],"ix":4},"o":{"a":0,"k":100,"ix":5},"r":1,"bm":0,"nm":"Fill 1","mn":"ADBE Vector Graphic - Fill","hd":false},{"ty":"tr","p":{"a":0,"k":[112.399,198.938],"ix":2},"a":{"a":0,"k":[0,0],"ix":1},"s":{"a":0,"k":[100,100],"ix":3},"r":{"a":0,"k":0,"ix":6},"o":{"a":0,"k":100,"ix":7},"sk":{"a":0,"k":0,"ix":4},"sa":{"a":0,"k":0,"ix":5},"nm":"Transform"}],"nm":"Group 3","np":2,"cix":2,"bm":0,"ix":3,"mn":"ADBE Vector Group","hd":false},{"ty":"gr","it":[{"ind":0,"ty":"sh","ix":1,"ks":{"a":0,"k":{"i":[[15.715,5.249],[5.186,-3.543],[5.489,-5.962],[-6.862,1.226],[1.942,-64.322],[-1.318,-1.758],[0.245,-1.642],[-11.436,34.24]],"o":[[-3.082,-1.029],[-4.525,3.092],[10.833,-10.112],[-36.562,19.928],[1.5,-0.454],[0.899,1.198],[9.042,-20.02],[22.677,-67.894]],"v":[[31.47,-105.859],[18.841,-101.863],[3.673,-88.141],[31.116,-105.461],[-47.185,100.997],[-42.884,102.539],[-42.061,106.888],[-11.661,23.273]],"c":true},"ix":2},"nm":"Path 1","mn":"ADBE Vector Shape - Group","hd":false},{"ty":"fl","c":{"a":0,"k":[0.948999980852,0.689999988032,0.573000021542,1],"ix":4},"o":{"a":0,"k":100,"ix":5},"r":1,"bm":0,"nm":"Fill 1","mn":"ADBE Vector Graphic - Fill","hd":false},{"ty":"tr","p":{"a":0,"k":[187.134,107.138],"ix":2},"a":{"a":0,"k":[0,0],"ix":1},"s":{"a":0,"k":[100,100],"ix":3},"r":{"a":0,"k":0,"ix":6},"o":{"a":0,"k":100,"ix":7},"sk":{"a":0,"k":0,"ix":4},"sa":{"a":0,"k":0,"ix":5},"nm":"Transform"}],"nm":"Group 4","np":2,"cix":2,"bm":0,"ix":4,"mn":"ADBE Vector Group","hd":false},{"ty":"gr","it":[{"ind":0,"ty":"sh","ix":1,"ks":{"a":0,"k":{"i":[[-5.208,29.434],[-0.823,4.951],[-30.824,28.774],[-4.525,3.092],[0,0],[0,0]],"o":[[0.403,-4.285],[7.053,-81.935],[5.489,-5.962],[-109.709,42.178],[0,0],[-9.395,-1.942]],"v":[[8.367,64.394],[10.206,50.532],[87.695,-122.479],[102.862,-136.201],[-102.862,136.201],[16.607,101.922]],"c":true},"ix":2},"nm":"Path 1","mn":"ADBE Vector Shape - Group","hd":false},{"ty":"fl","c":{"a":0,"k":[0.898000021542,0.972999961703,0.976000019148,1],"ix":4},"o":{"a":0,"k":100,"ix":5},"r":1,"bm":0,"nm":"Fill 1","mn":"ADBE Vector Graphic - Fill","hd":false},{"ty":"tr","p":{"a":0,"k":[103.113,141.475],"ix":2},"a":{"a":0,"k":[0,0],"ix":1},"s":{"a":0,"k":[100,100],"ix":3},"r":{"a":0,"k":0,"ix":6},"o":{"a":0,"k":100,"ix":7},"sk":{"a":0,"k":0,"ix":4},"sa":{"a":0,"k":0,"ix":5},"nm":"Transform"}],"nm":"Group 5","np":2,"cix":2,"bm":0,"ix":5,"mn":"ADBE Vector Group","hd":false}],"ip":0,"op":233.000009490285,"st":0,"bm":0},{"ddd":0,"ind":5,"ty":4,"nm":"body Outlines","sr":1,"ks":{"o":{"a":0,"k":100,"ix":11},"r":{"a":1,"k":[{"i":{"x":[0.833],"y":[1]},"o":{"x":[0.333],"y":[0]},"t":0,"s":[-10]},{"i":{"x":[0.833],"y":[1]},"o":{"x":[0.167],"y":[0]},"t":7.825,"s":[-5]},{"i":{"x":[0.833],"y":[1]},"o":{"x":[0.167],"y":[0]},"t":14.53,"s":[-5]},{"i":{"x":[0.563],"y":[-0.503]},"o":{"x":[0.187],"y":[0]},"t":20.124,"s":[-10]},{"i":{"x":[0.666],"y":[-1.243]},"o":{"x":[0.298],"y":[1.365]},"t":23.478,"s":[-10]},{"i":{"x":[0.772],"y":[1]},"o":{"x":[0.404],"y":[2.713]},"t":27.948,"s":[-10]},{"i":{"x":[0.772],"y":[1]},"o":{"x":[0.167],"y":[0]},"t":32.42,"s":[-10]},{"i":{"x":[0.833],"y":[1]},"o":{"x":[0.167],"y":[0]},"t":48.164,"s":[-10]},{"i":{"x":[0.667],"y":[1]},"o":{"x":[0.167],"y":[0]},"t":57.701,"s":[0]},{"i":{"x":[0.833],"y":[1]},"o":{"x":[0.333],"y":[0]},"t":77.414,"s":[-10]},{"i":{"x":[0.833],"y":[1]},"o":{"x":[0.167],"y":[0]},"t":85.239,"s":[-5]},{"i":{"x":[0.833],"y":[1]},"o":{"x":[0.167],"y":[0]},"t":91.944,"s":[-5]},{"i":{"x":[0.563],"y":[-0.503]},"o":{"x":[0.187],"y":[0]},"t":97.538,"s":[-10]},{"i":{"x":[0.666],"y":[-1.243]},"o":{"x":[0.298],"y":[1.365]},"t":100.891,"s":[-10]},{"i":{"x":[0.772],"y":[1]},"o":{"x":[0.404],"y":[2.713]},"t":105.361,"s":[-10]},{"i":{"x":[0.772],"y":[1]},"o":{"x":[0.167],"y":[0]},"t":109.834,"s":[-10]},{"i":{"x":[0.833],"y":[1]},"o":{"x":[0.167],"y":[0]},"t":125.578,"s":[-10]},{"i":{"x":[0.703],"y":[1]},"o":{"x":[0.167],"y":[0]},"t":135.115,"s":[0]},{"i":{"x":[0.833],"y":[1]},"o":{"x":[0.333],"y":[0]},"t":161,"s":[-10]},{"i":{"x":[0.833],"y":[1]},"o":{"x":[0.167],"y":[0]},"t":168.825,"s":[-5]},{"i":{"x":[0.833],"y":[1]},"o":{"x":[0.167],"y":[0]},"t":175.53,"s":[-5]},{"i":{"x":[0.563],"y":[-0.503]},"o":{"x":[0.187],"y":[0]},"t":181.124,"s":[-10]},{"i":{"x":[0.666],"y":[-1.243]},"o":{"x":[0.298],"y":[1.365]},"t":184.478,"s":[-10]},{"i":{"x":[0.772],"y":[1]},"o":{"x":[0.404],"y":[2.713]},"t":188.948,"s":[-10]},{"i":{"x":[0.772],"y":[1]},"o":{"x":[0.167],"y":[0]},"t":193.42,"s":[-10]},{"i":{"x":[0.833],"y":[1]},"o":{"x":[0.167],"y":[0]},"t":209.164,"s":[-10]},{"i":{"x":[0.667],"y":[1]},"o":{"x":[0.167],"y":[0]},"t":218.701,"s":[0]},{"t":231.000009408823,"s":[-10]}],"ix":10},"p":{"a":1,"k":[{"i":{"x":0.667,"y":0.667},"o":{"x":0.333,"y":0.333},"t":0,"s":[752.898,670.5,0],"to":[0,0,0],"ti":[0,0,0]},{"i":{"x":0.667,"y":1},"o":{"x":0.333,"y":0},"t":7.825,"s":[752.898,670.5,0],"to":[0,-7.167,0],"ti":[0,4.833,0]},{"i":{"x":0.667,"y":1},"o":{"x":0.333,"y":0},"t":14.53,"s":[752.898,627.5,0],"to":[0,-4.833,0],"ti":[0,-1.667,0]},{"i":{"x":0.667,"y":0.936},"o":{"x":0.333,"y":0},"t":20.124,"s":[752.898,641.5,0],"to":[0,0.536,0],"ti":[0,0.551,0]},{"i":{"x":0.667,"y":0.683},"o":{"x":0.333,"y":0.098},"t":23.478,"s":[752.898,649.228,0],"to":[0,-0.758,0],"ti":[0,-2.684,0]},{"i":{"x":0.667,"y":1},"o":{"x":0.333,"y":0.06},"t":27.948,"s":[752.898,643.524,0],"to":[0,1.428,0],"ti":[0,-0.314,0]},{"i":{"x":0.667,"y":0.126},"o":{"x":0.333,"y":0},"t":32.42,"s":[752.898,679.5,0],"to":[0,0.039,0],"ti":[0,0.019,0]},{"i":{"x":0.667,"y":0.999},"o":{"x":0.333,"y":0.001},"t":37.776,"s":[752.898,679.512,0],"to":[0,-0.025,0],"ti":[0,-0.006,0]},{"i":{"x":0.667,"y":1},"o":{"x":0.333,"y":0.001},"t":40.609,"s":[752.898,696.449,0],"to":[0,0.003,0],"ti":[0,-0.033,0]},{"i":{"x":0.667,"y":0.999},"o":{"x":0.333,"y":0},"t":48.164,"s":[752.898,655.5,0],"to":[0,0.226,0],"ti":[0,0.019,0]},{"i":{"x":0.667,"y":1},"o":{"x":0.333,"y":0.001},"t":51.943,"s":[752.898,679.512,0],"to":[0,-0.025,0],"ti":[0,1.502,0]},{"i":{"x":0.667,"y":1},"o":{"x":0.333,"y":0},"t":57.701,"s":[752.898,628.5,0],"to":[0,-1.502,0],"ti":[0,-7,0]},{"i":{"x":0.667,"y":0.667},"o":{"x":0.333,"y":0.333},"t":77.414,"s":[752.898,670.5,0],"to":[0,0,0],"ti":[0,0,0]},{"i":{"x":0.667,"y":1},"o":{"x":0.333,"y":0},"t":85.239,"s":[752.898,670.5,0],"to":[0,-7.167,0],"ti":[0,4.833,0]},{"i":{"x":0.667,"y":1},"o":{"x":0.333,"y":0},"t":91.944,"s":[752.898,627.5,0],"to":[0,-4.833,0],"ti":[0,-1.667,0]},{"i":{"x":0.667,"y":0.936},"o":{"x":0.333,"y":0},"t":97.538,"s":[752.898,641.5,0],"to":[0,0.536,0],"ti":[0,0.551,0]},{"i":{"x":0.667,"y":0.683},"o":{"x":0.333,"y":0.098},"t":100.891,"s":[752.898,649.228,0],"to":[0,-0.758,0],"ti":[0,-2.684,0]},{"i":{"x":0.667,"y":1},"o":{"x":0.333,"y":0.06},"t":105.361,"s":[752.898,643.524,0],"to":[0,1.428,0],"ti":[0,-0.314,0]},{"i":{"x":0.667,"y":0.126},"o":{"x":0.333,"y":0},"t":109.834,"s":[752.898,679.5,0],"to":[0,0.039,0],"ti":[0,0.019,0]},{"i":{"x":0.667,"y":0.999},"o":{"x":0.333,"y":0.001},"t":115.19,"s":[752.898,679.512,0],"to":[0,-0.025,0],"ti":[0,-0.006,0]},{"i":{"x":0.667,"y":1},"o":{"x":0.333,"y":0.001},"t":118.023,"s":[752.898,696.449,0],"to":[0,0.003,0],"ti":[0,-0.033,0]},{"i":{"x":0.667,"y":0.999},"o":{"x":0.333,"y":0},"t":125.578,"s":[752.898,655.5,0],"to":[0,0.226,0],"ti":[0,0.019,0]},{"i":{"x":0.667,"y":1},"o":{"x":0.333,"y":0.001},"t":129.356,"s":[752.898,679.512,0],"to":[0,-0.025,0],"ti":[0,1.502,0]},{"i":{"x":0.725,"y":1},"o":{"x":0.333,"y":0},"t":135.115,"s":[752.898,628.5,0],"to":[0,-1.502,0],"ti":[0,0,0]},{"i":{"x":0.667,"y":0.667},"o":{"x":0.333,"y":0.333},"t":161,"s":[752.898,670.5,0],"to":[0,0,0],"ti":[0,0,0]},{"i":{"x":0.667,"y":1},"o":{"x":0.333,"y":0},"t":168.825,"s":[752.898,670.5,0],"to":[0,-7.167,0],"ti":[0,4.833,0]},{"i":{"x":0.667,"y":1},"o":{"x":0.333,"y":0},"t":175.53,"s":[752.898,627.5,0],"to":[0,-4.833,0],"ti":[0,-1.667,0]},{"i":{"x":0.667,"y":0.936},"o":{"x":0.333,"y":0},"t":181.124,"s":[752.898,641.5,0],"to":[0,0.536,0],"ti":[0,0.551,0]},{"i":{"x":0.667,"y":0.683},"o":{"x":0.333,"y":0.098},"t":184.478,"s":[752.898,649.228,0],"to":[0,-0.758,0],"ti":[0,-2.684,0]},{"i":{"x":0.667,"y":1},"o":{"x":0.333,"y":0.06},"t":188.948,"s":[752.898,643.524,0],"to":[0,1.428,0],"ti":[0,-0.314,0]},{"i":{"x":0.667,"y":0.126},"o":{"x":0.333,"y":0},"t":193.42,"s":[752.898,679.5,0],"to":[0,0.039,0],"ti":[0,0.019,0]},{"i":{"x":0.667,"y":0.999},"o":{"x":0.333,"y":0.001},"t":198.776,"s":[752.898,679.512,0],"to":[0,-0.025,0],"ti":[0,-0.006,0]},{"i":{"x":0.667,"y":1},"o":{"x":0.333,"y":0.001},"t":201.609,"s":[752.898,696.449,0],"to":[0,0.003,0],"ti":[0,-0.033,0]},{"i":{"x":0.667,"y":0.999},"o":{"x":0.333,"y":0},"t":209.164,"s":[752.898,655.5,0],"to":[0,0.226,0],"ti":[0,0.019,0]},{"i":{"x":0.667,"y":1},"o":{"x":0.333,"y":0.001},"t":212.943,"s":[752.898,679.512,0],"to":[0,-0.025,0],"ti":[0,1.502,0]},{"i":{"x":0.667,"y":1},"o":{"x":0.333,"y":0},"t":218.701,"s":[752.898,628.5,0],"to":[0,-1.502,0],"ti":[0,-7,0]},{"t":231.000009408823,"s":[752.898,670.5,0]}],"ix":2,"l":2},"a":{"a":0,"k":[230.148,247.75,0],"ix":1,"l":2},"s":{"a":1,"k":[{"i":{"x":[0.833,0.833,0.833],"y":[1,1,1]},"o":{"x":[0.333,0.333,0.333],"y":[0,0,0]},"t":0,"s":[100,100,100]},{"i":{"x":[0.833,0.833,0.833],"y":[1,1,1]},"o":{"x":[0.167,0.167,0.167],"y":[0,0,0]},"t":7.825,"s":[100,95,100]},{"i":{"x":[0.564,0.564,0.564],"y":[1,0.812,1]},"o":{"x":[0.182,0.182,0.182],"y":[0,0,0]},"t":14.53,"s":[100,105,100]},{"i":{"x":[0.746,0.746,0.746],"y":[1,1,1]},"o":{"x":[0.323,0.323,0.323],"y":[0,0.306,0]},"t":20.124,"s":[100,100,100]},{"i":{"x":[0.584,0.584,0.584],"y":[1,1,1]},"o":{"x":[0.213,0.213,0.213],"y":[0,0,0]},"t":32.42,"s":[100,95,100]},{"i":{"x":[0.662,0.662,0.662],"y":[1,1,1]},"o":{"x":[0.327,0.327,0.327],"y":[0,0,0]},"t":37.776,"s":[100,95,100]},{"i":{"x":[0.77,0.77,0.77],"y":[1,1,1]},"o":{"x":[0.372,0.372,0.372],"y":[0,0,0]},"t":40.609,"s":[100,90,100]},{"i":{"x":[0.584,0.584,0.584],"y":[1,1,1]},"o":{"x":[0.182,0.182,0.182],"y":[0,0,0]},"t":48.164,"s":[100,105,100]},{"i":{"x":[0.833,0.833,0.833],"y":[1,1,1]},"o":{"x":[0.327,0.327,0.327],"y":[0,0,0]},"t":51.943,"s":[100,95,100]},{"i":{"x":[0.667,0.667,0.667],"y":[1,1,1]},"o":{"x":[0.182,0.182,0.182],"y":[0,0,0]},"t":57.701,"s":[100,105,100]},{"i":{"x":[0.833,0.833,0.833],"y":[1,1,1]},"o":{"x":[0.333,0.333,0.333],"y":[0,0,0]},"t":77.414,"s":[100,100,100]},{"i":{"x":[0.833,0.833,0.833],"y":[1,1,1]},"o":{"x":[0.167,0.167,0.167],"y":[0,0,0]},"t":85.239,"s":[100,95,100]},{"i":{"x":[0.564,0.564,0.564],"y":[1,0.812,1]},"o":{"x":[0.182,0.182,0.182],"y":[0,0,0]},"t":91.944,"s":[100,105,100]},{"i":{"x":[0.746,0.746,0.746],"y":[1,1,1]},"o":{"x":[0.323,0.323,0.323],"y":[0,0.306,0]},"t":97.538,"s":[100,100,100]},{"i":{"x":[0.584,0.584,0.584],"y":[1,1,1]},"o":{"x":[0.213,0.213,0.213],"y":[0,0,0]},"t":109.834,"s":[100,95,100]},{"i":{"x":[0.662,0.662,0.662],"y":[1,1,1]},"o":{"x":[0.327,0.327,0.327],"y":[0,0,0]},"t":115.19,"s":[100,95,100]},{"i":{"x":[0.77,0.77,0.77],"y":[1,1,1]},"o":{"x":[0.372,0.372,0.372],"y":[0,0,0]},"t":118.023,"s":[100,90,100]},{"i":{"x":[0.584,0.584,0.584],"y":[1,1,1]},"o":{"x":[0.182,0.182,0.182],"y":[0,0,0]},"t":125.578,"s":[100,105,100]},{"i":{"x":[0.833,0.833,0.833],"y":[1,1,1]},"o":{"x":[0.327,0.327,0.327],"y":[0,0,0]},"t":129.356,"s":[100,95,100]},{"i":{"x":[0.725,0.725,0.725],"y":[1,1,1]},"o":{"x":[0.182,0.182,0.182],"y":[0,0,0]},"t":135.115,"s":[100,105,100]},{"i":{"x":[0.833,0.833,0.833],"y":[1,1,1]},"o":{"x":[0.333,0.333,0.333],"y":[0,0,0]},"t":161,"s":[100,100,100]},{"i":{"x":[0.833,0.833,0.833],"y":[1,1,1]},"o":{"x":[0.167,0.167,0.167],"y":[0,0,0]},"t":168.825,"s":[100,95,100]},{"i":{"x":[0.564,0.564,0.564],"y":[1,0.812,1]},"o":{"x":[0.182,0.182,0.182],"y":[0,0,0]},"t":175.53,"s":[100,105,100]},{"i":{"x":[0.746,0.746,0.746],"y":[1,1,1]},"o":{"x":[0.323,0.323,0.323],"y":[0,0.306,0]},"t":181.124,"s":[100,100,100]},{"i":{"x":[0.584,0.584,0.584],"y":[1,1,1]},"o":{"x":[0.213,0.213,0.213],"y":[0,0,0]},"t":193.42,"s":[100,95,100]},{"i":{"x":[0.662,0.662,0.662],"y":[1,1,1]},"o":{"x":[0.327,0.327,0.327],"y":[0,0,0]},"t":198.776,"s":[100,95,100]},{"i":{"x":[0.77,0.77,0.77],"y":[1,1,1]},"o":{"x":[0.372,0.372,0.372],"y":[0,0,0]},"t":201.609,"s":[100,90,100]},{"i":{"x":[0.584,0.584,0.584],"y":[1,1,1]},"o":{"x":[0.182,0.182,0.182],"y":[0,0,0]},"t":209.164,"s":[100,105,100]},{"i":{"x":[0.833,0.833,0.833],"y":[1,1,1]},"o":{"x":[0.327,0.327,0.327],"y":[0,0,0]},"t":212.943,"s":[100,95,100]},{"i":{"x":[0.667,0.667,0.667],"y":[1,1,1]},"o":{"x":[0.182,0.182,0.182],"y":[0,0,0]},"t":218.701,"s":[100,105,100]},{"t":231.000009408823,"s":[100,100,100]}],"ix":6,"l":2}},"ao":0,"shapes":[{"ty":"gr","it":[{"ind":0,"ty":"sh","ix":1,"ks":{"a":0,"k":{"i":[[-9.58,0],[0,11.874],[9.687,0],[3.166,-3.827],[0,-5.992],[-0.002,-0.131]],"o":[[9.687,0],[0,-11.874],[-4.799,0],[-3.226,3.9],[0,0.131],[0.169,11.693]],"v":[[0,21.5],[17.54,0],[0,-21.5],[-12.31,-15.306],[-17.54,0],[-17.523,0.388]],"c":true},"ix":2},"nm":"Path 1","mn":"ADBE Vector Shape - Group","hd":false},{"ty":"fl","c":{"a":0,"k":[0.898000021542,0.972999961703,0.976000019148,1],"ix":4},"o":{"a":0,"k":100,"ix":5},"r":1,"bm":0,"nm":"Fill 1","mn":"ADBE Vector Graphic - Fill","hd":false},{"ty":"tr","p":{"a":0,"k":[17.79,373.75],"ix":2},"a":{"a":0,"k":[0,0],"ix":1},"s":{"a":0,"k":[100,100],"ix":3},"r":{"a":0,"k":0,"ix":6},"o":{"a":0,"k":100,"ix":7},"sk":{"a":0,"k":0,"ix":4},"sa":{"a":0,"k":0,"ix":5},"nm":"Transform"}],"nm":"Group 1","np":2,"cix":2,"bm":0,"ix":1,"mn":"ADBE Vector Group","hd":false},{"ty":"gr","it":[{"ind":0,"ty":"sh","ix":1,"ks":{"a":0,"k":{"i":[[125.97,5.68],[38.97,144.5],[-2.35,-22.46],[-0.621,-3.493],[5.659,0],[4.036,-5.481],[-4.799,0],[0,-11.874],[9.686,0],[0.17,11.693],[0,-0.244],[-12.15,0],[-2.283,11.21],[-120.659,-1.82],[-1.13,-0.01],[-1.24,0],[-24.08,45.36],[-2.16,5.35],[4.56,39.68],[0,0]],"o":[[-128.4,-5.79],[-7.53,23.64],[0.372,3.552],[-3.898,-4.051],[-6.722,0],[3.167,-3.827],[9.686,0],[0,11.874],[-9.581,0],[-0.006,0.242],[0,14.02],[10.412,0],[23.788,64.294],[1.12,0.02],[1.23,0.01],[83.24,0],[2.71,-5.1],[16.54,-40.88],[0,0],[-14.28,102]],"v":[[71.575,77.5],[-179.395,-108],[-187.205,-38.32],[-185.709,-27.751],[-200.425,-34.27],[-217.196,-25.306],[-204.885,-31.5],[-187.346,-10],[-204.885,11.5],[-222.409,-9.612],[-222.425,-8.885],[-200.425,16.5],[-179.014,-3.058],[36.495,111.45],[39.865,111.49],[43.575,111.5],[197.235,32.18],[204.525,16.5],[217.865,-111.48],[217.855,-111.5]],"c":true},"ix":2},"nm":"Path 1","mn":"ADBE Vector Shape - Group","hd":false},{"ty":"fl","c":{"a":0,"k":[0.795999983245,0.944999964097,0.952999997606,1],"ix":4},"o":{"a":0,"k":100,"ix":5},"r":1,"bm":0,"nm":"Fill 1","mn":"ADBE Vector Graphic - Fill","hd":false},{"ty":"tr","p":{"a":0,"k":[222.675,383.75],"ix":2},"a":{"a":0,"k":[0,0],"ix":1},"s":{"a":0,"k":[100,100],"ix":3},"r":{"a":0,"k":0,"ix":6},"o":{"a":0,"k":100,"ix":7},"sk":{"a":0,"k":0,"ix":4},"sa":{"a":0,"k":0,"ix":5},"nm":"Transform"}],"nm":"Group 2","np":2,"cix":2,"bm":0,"ix":2,"mn":"ADBE Vector Group","hd":false},{"ty":"gr","it":[{"ind":0,"ty":"sh","ix":1,"ks":{"a":0,"k":{"i":[[2,9],[1.5,-1.308],[-2.144,4.694],[0.548,0.915]],"o":[[-3,9],[-0.804,0.7],[1.964,4.694],[-0.539,-0.902]],"v":[[1.109,-8.409],[-13.391,6.9],[1.109,-2.409],[13.647,7.494]],"c":true},"ix":2},"nm":"Path 1","mn":"ADBE Vector Shape - Group","hd":false},{"ty":"fl","c":{"a":0,"k":[0.122000002394,0.216000007181,0.224000010771,1],"ix":4},"o":{"a":0,"k":100,"ix":5},"r":1,"bm":0,"nm":"Fill 1","mn":"ADBE Vector Graphic - Fill","hd":false},{"ty":"tr","p":{"a":0,"k":[384.142,272.659],"ix":2},"a":{"a":0,"k":[0,0],"ix":1},"s":{"a":0,"k":[100,100],"ix":3},"r":{"a":0,"k":0,"ix":6},"o":{"a":0,"k":100,"ix":7},"sk":{"a":0,"k":0,"ix":4},"sa":{"a":0,"k":0,"ix":5},"nm":"Transform"}],"nm":"Group 3","np":2,"cix":2,"bm":0,"ix":3,"mn":"ADBE Vector Group","hd":false},{"ty":"gr","it":[{"ind":0,"ty":"sh","ix":1,"ks":{"a":0,"k":{"i":[[0,0],[0,0],[0,0],[0,0],[0,0],[0,0],[0,0],[0,0],[-12.679,-16.345],[-15.031,11.785],[3.374,21.391],[0,0],[-11.352,-15.125],[-12.791,4.528],[-1.143,0.857]],"o":[[0,0],[0,0],[0,0],[0,0],[0,0],[0,0],[0,0],[-2.151,26.683],[11.707,15.092],[14.927,-11.703],[0,0],[-2.25,19.724],[7.738,10.311],[1.418,-0.502],[16.796,-12.605]],"v":[[100.852,-8.526],[67.128,-24.467],[45.852,-34.526],[29.852,-40.526],[-43.148,-74.526],[-111.148,-79.526],[-113.148,-56.526],[-44.564,-59.536],[-36.648,37.974],[26.352,53.974],[31.425,-31.334],[44.901,-26.842],[49.352,59.974],[92.489,74.997],[96.352,72.974]],"c":true},"ix":2},"nm":"Path 1","mn":"ADBE Vector Shape - Group","hd":false},{"ty":"fl","c":{"a":0,"k":[0.122000002394,0.216000007181,0.224000010771,1],"ix":4},"o":{"a":0,"k":100,"ix":5},"r":1,"bm":0,"nm":"Fill 1","mn":"ADBE Vector Graphic - Fill","hd":false},{"ty":"tr","p":{"a":0,"k":[346.898,188.276],"ix":2},"a":{"a":0,"k":[0,0],"ix":1},"s":{"a":0,"k":[100,100],"ix":3},"r":{"a":0,"k":0,"ix":6},"o":{"a":0,"k":100,"ix":7},"sk":{"a":0,"k":0,"ix":4},"sa":{"a":0,"k":0,"ix":5},"nm":"Transform"}],"nm":"Group 4","np":2,"cix":2,"bm":0,"ix":4,"mn":"ADBE Vector Group","hd":false},{"ty":"gr","it":[{"ind":0,"ty":"sh","ix":1,"ks":{"a":0,"k":{"i":[[1.964,4.694],[-0.804,0.7],[-3,9],[-0.539,-0.902]],"o":[[-2.144,4.694],[1.5,-1.308],[2,9],[0.548,0.915]],"v":[[143.34,36.66],[128.84,45.968],[143.34,30.66],[155.879,46.562]],"c":true},"ix":2},"nm":"Path 1","mn":"ADBE Vector Shape - Group","hd":false},{"ind":1,"ty":"sh","ix":2,"ks":{"a":0,"k":{"i":[[7.738,10.311],[-2.25,19.724],[0,0],[14.927,-11.703],[11.707,15.092],[-2.151,26.683],[0,0],[0,0],[0,0],[0,0],[0,0],[0,0],[126.296,0],[56.01,-125.31],[0,0],[2.87,-5.96],[1.11,-2.54],[0,0],[2.1,-6.63],[-128.4,-5.79],[-14.28,102],[0,0],[0.416,2.95]],"o":[[-11.352,-15.125],[0,0],[3.374,21.391],[-15.031,11.785],[-12.679,-16.345],[0,0],[0,0],[0,0],[0,0],[0,0],[0,0],[-23.09,-85.882],[-120.35,0],[0,0],[-2.63,5.88],[-1.22,2.53],[0,0],[-2.88,6.61],[38.97,144.5],[125.97,5.68],[0,0],[-0.351,-3.047],[-12.791,4.528]],"v":[[154.34,14.66],[149.889,-72.157],[136.413,-76.649],[131.34,8.66],[68.34,-7.34],[60.424,-104.851],[-8.16,-101.84],[-6.16,-124.84],[61.84,-119.84],[134.84,-85.84],[150.84,-79.84],[172.116,-69.782],[2.34,-233.34],[-179.42,-3.12],[-179.42,-3.1],[-187.66,14.66],[-191.15,22.27],[-191.15,22.28],[-198.63,42.16],[52.34,227.66],[198.62,38.66],[198.63,38.68],[197.477,29.683]],"c":true},"ix":2},"nm":"Path 2","mn":"ADBE Vector Shape - Group","hd":false},{"ty":"mm","mm":1,"nm":"Merge Paths 1","mn":"ADBE Vector Filter - Merge","hd":false},{"ty":"fl","c":{"a":0,"k":[0.898000021542,0.972999961703,0.976000019148,1],"ix":4},"o":{"a":0,"k":100,"ix":5},"r":1,"bm":0,"nm":"Fill 1","mn":"ADBE Vector Graphic - Fill","hd":false},{"ty":"tr","p":{"a":0,"k":[241.91,233.59],"ix":2},"a":{"a":0,"k":[0,0],"ix":1},"s":{"a":0,"k":[100,100],"ix":3},"r":{"a":0,"k":0,"ix":6},"o":{"a":0,"k":100,"ix":7},"sk":{"a":0,"k":0,"ix":4},"sa":{"a":0,"k":0,"ix":5},"nm":"Transform"}],"nm":"Group 5","np":4,"cix":2,"bm":0,"ix":5,"mn":"ADBE Vector Group","hd":false}],"ip":0,"op":233.000009490285,"st":0,"bm":0},{"ddd":0,"ind":6,"ty":4,"nm":"armRight 3 Outlines","parent":5,"sr":1,"ks":{"o":{"a":0,"k":100,"ix":11},"r":{"a":1,"k":[{"i":{"x":[0.833],"y":[0.833]},"o":{"x":[0.167],"y":[0.167]},"t":0,"s":[67]},{"i":{"x":[0.833],"y":[0.833]},"o":{"x":[0.167],"y":[0.167]},"t":19,"s":[12]},{"i":{"x":[0.833],"y":[0.833]},"o":{"x":[0.167],"y":[0.167]},"t":32.42,"s":[-11]},{"i":{"x":[0.833],"y":[0.833]},"o":{"x":[0.167],"y":[0.167]},"t":48.164,"s":[-11]},{"i":{"x":[0.833],"y":[0.833]},"o":{"x":[0.167],"y":[0.167]},"t":53.231,"s":[20]},{"i":{"x":[0.833],"y":[0.833]},"o":{"x":[0.167],"y":[0.167]},"t":65.53,"s":[63]},{"i":{"x":[0.833],"y":[0.833]},"o":{"x":[0.167],"y":[0.167]},"t":77.414,"s":[67]},{"i":{"x":[0.833],"y":[0.833]},"o":{"x":[0.167],"y":[0.167]},"t":96.414,"s":[12]},{"i":{"x":[0.833],"y":[0.833]},"o":{"x":[0.167],"y":[0.167]},"t":109.834,"s":[-11]},{"i":{"x":[0.833],"y":[0.833]},"o":{"x":[0.167],"y":[0.167]},"t":125.578,"s":[-11]},{"i":{"x":[0.833],"y":[0.833]},"o":{"x":[0.167],"y":[0.167]},"t":130.645,"s":[20]},{"i":{"x":[0.833],"y":[0.833]},"o":{"x":[0.167],"y":[0.167]},"t":142.944,"s":[63]},{"i":{"x":[0.833],"y":[0.833]},"o":{"x":[0.167],"y":[0.167]},"t":161,"s":[67]},{"i":{"x":[0.833],"y":[0.833]},"o":{"x":[0.167],"y":[0.167]},"t":180,"s":[12]},{"i":{"x":[0.833],"y":[0.833]},"o":{"x":[0.167],"y":[0.167]},"t":193.42,"s":[-11]},{"i":{"x":[0.833],"y":[0.833]},"o":{"x":[0.167],"y":[0.167]},"t":209.164,"s":[-11]},{"i":{"x":[0.833],"y":[0.833]},"o":{"x":[0.167],"y":[0.167]},"t":214.231,"s":[20]},{"i":{"x":[0.833],"y":[0.833]},"o":{"x":[0.167],"y":[0.167]},"t":226.53,"s":[63]},{"t":231.000009408823,"s":[67]}],"ix":10},"p":{"a":0,"k":[366.512,283.419,0],"ix":2,"l":2},"a":{"a":0,"k":[38.551,63.901,0],"ix":1,"l":2},"s":{"a":0,"k":[100,100,100],"ix":6,"l":2}},"ao":0,"shapes":[{"ty":"gr","it":[{"ind":0,"ty":"sh","ix":1,"ks":{"a":0,"k":{"i":[[9,10],[12.218,9.939],[16.621,11.231],[18.485,-19.2],[-8.156,-11.154],[-3.625,-2.071],[-14.612,17.979]],"o":[[-10.536,-11.707],[-11.895,-9.676],[-18.347,-12.397],[-18.326,19.035],[20.179,27.596],[14,8],[13.707,-16.865]],"v":[[68.02,21.319],[23.02,-17.681],[-7.38,-62.98],[-72.694,-67.963],[-73.116,-9.325],[10.02,63.319],[77.312,69.184]],"c":true},"ix":2},"nm":"Path 1","mn":"ADBE Vector Shape - Group","hd":false},{"ty":"fl","c":{"a":0,"k":[0.898000021542,0.972999961703,0.976000019148,1],"ix":4},"o":{"a":0,"k":100,"ix":5},"r":1,"bm":0,"nm":"Fill 1","mn":"ADBE Vector Graphic - Fill","hd":false},{"ty":"tr","p":{"a":0,"k":[91.27,87.413],"ix":2},"a":{"a":0,"k":[0,0],"ix":1},"s":{"a":0,"k":[100,100],"ix":3},"r":{"a":0,"k":0,"ix":6},"o":{"a":0,"k":100,"ix":7},"sk":{"a":0,"k":0,"ix":4},"sa":{"a":0,"k":0,"ix":5},"nm":"Transform"}],"nm":"Group 1","np":2,"cix":2,"bm":0,"ix":1,"mn":"ADBE Vector Group","hd":false}],"ip":0,"op":233.000009490285,"st":0,"bm":0},{"ddd":0,"ind":7,"ty":4,"nm":"earLeft Outlines","parent":5,"sr":1,"ks":{"o":{"a":0,"k":100,"ix":11},"r":{"a":0,"k":0,"ix":10},"p":{"a":0,"k":[297.729,19.477,0],"ix":2,"l":2},"a":{"a":0,"k":[109.787,126.083,0],"ix":1,"l":2},"s":{"a":0,"k":[100,100,100],"ix":6,"l":2}},"ao":0,"shapes":[{"ty":"gr","it":[{"ind":0,"ty":"sh","ix":1,"ks":{"a":0,"k":{"i":[[2.727,-0.942],[3.827,5.134],[5.343,-0.672],[0.209,3.156],[4.269,-2.48],[1.188,-2.442],[6.649,-9.633],[0.683,-6.604],[-6.679,-2.903],[-4.671,6.015],[-1.694,2.152],[1.082,2.647],[0.584,0.406]],"o":[[1.979,-3.618],[-5.978,-8.017],[1.726,-2.65],[-0.207,-3.109],[-1.378,0.802],[-1.444,2.966],[-5.004,7.248],[-1.612,15.592],[13.458,5.85],[1.313,-1.69],[2.263,-2.874],[-0.386,-0.944],[-2.337,-1.623]],"v":[[11.706,0.192],[19.872,-15.246],[5.019,-9.822],[7.041,-17.562],[-1.896,-22.322],[-5.823,-17.592],[-13.993,-24.087],[-22.087,-3.07],[-8.956,27.871],[13.975,15.254],[18.964,9.365],[21.888,0.783],[20.411,-1.192]],"c":true},"ix":2},"nm":"Path 1","mn":"ADBE Vector Shape - Group","hd":false},{"ty":"fl","c":{"a":0,"k":[0.898000021542,0.972999961703,0.976000019148,1],"ix":4},"o":{"a":0,"k":100,"ix":5},"r":1,"bm":0,"nm":"Fill 1","mn":"ADBE Vector Graphic - Fill","hd":false},{"ty":"tr","p":{"a":0,"k":[163.708,146.028],"ix":2},"a":{"a":0,"k":[0,0],"ix":1},"s":{"a":0,"k":[100,100],"ix":3},"r":{"a":0,"k":0,"ix":6},"o":{"a":0,"k":100,"ix":7},"sk":{"a":0,"k":0,"ix":4},"sa":{"a":0,"k":0,"ix":5},"nm":"Transform"}],"nm":"Group 1","np":2,"cix":2,"bm":0,"ix":1,"mn":"ADBE Vector Group","hd":false},{"ty":"gr","it":[{"ind":0,"ty":"sh","ix":1,"ks":{"a":0,"k":{"i":[[0,0],[0,0],[-5.004,7.249],[-1.443,2.966],[-1.379,0.802],[-15.824,10.286],[24.825,-90.801],[1.939,-7.549]],"o":[[0,0],[0.682,-6.604],[6.65,-9.633],[1.189,-2.442],[-8.298,-42.548],[-18.615,7.445],[-1.847,6.757],[0,0]],"v":[[-29.999,70.664],[-28.687,70.921],[-20.594,49.902],[-12.424,56.398],[-8.496,51.668],[33,-70.921],[-27.324,48.647],[-33,70.079]],"c":true},"ix":2},"nm":"Path 1","mn":"ADBE Vector Shape - Group","hd":false},{"ty":"fl","c":{"a":0,"k":[0.936999990426,0.616000007181,0.46699999641,1],"ix":4},"o":{"a":0,"k":100,"ix":5},"r":1,"bm":0,"nm":"Fill 1","mn":"ADBE Vector Graphic - Fill","hd":false},{"ty":"tr","p":{"a":0,"k":[170.308,72.038],"ix":2},"a":{"a":0,"k":[0,0],"ix":1},"s":{"a":0,"k":[100,100],"ix":3},"r":{"a":0,"k":0,"ix":6},"o":{"a":0,"k":100,"ix":7},"sk":{"a":0,"k":0,"ix":4},"sa":{"a":0,"k":0,"ix":5},"nm":"Transform"}],"nm":"Group 2","np":2,"cix":2,"bm":0,"ix":2,"mn":"ADBE Vector Group","hd":false},{"ty":"gr","it":[{"ind":0,"ty":"sh","ix":1,"ks":{"a":0,"k":{"i":[[16.43,2.136],[4.131,-3.716],[7.773,-51.064],[-18.615,7.446],[-8.298,-42.549],[-0.208,-3.109],[1.726,-2.65],[-5.978,-8.017],[1.978,-3.618],[-2.337,-1.624],[-0.907,6.965]],"o":[[-3.08,-0.4],[-17.317,15.581],[24.825,-90.801],[-15.824,10.286],[4.269,-2.48],[0.209,3.156],[5.343,-0.672],[3.827,5.134],[2.726,-0.942],[0.875,-6.509],[8.47,-65.174]],"v":[[21.741,-72.586],[10.77,-67.41],[-38.171,47.448],[22.153,-72.118],[-19.342,50.47],[-10.406,55.23],[-12.428,62.971],[2.426,57.547],[-5.741,72.986],[2.965,71.6],[5.629,51.372]],"c":true},"ix":2},"nm":"Path 1","mn":"ADBE Vector Shape - Group","hd":false},{"ty":"fl","c":{"a":0,"k":[0.948999980852,0.689999988032,0.573000021542,1],"ix":4},"o":{"a":0,"k":100,"ix":5},"r":1,"bm":0,"nm":"Fill 1","mn":"ADBE Vector Graphic - Fill","hd":false},{"ty":"tr","p":{"a":0,"k":[181.154,73.236],"ix":2},"a":{"a":0,"k":[0,0],"ix":1},"s":{"a":0,"k":[100,100],"ix":3},"r":{"a":0,"k":0,"ix":6},"o":{"a":0,"k":100,"ix":7},"sk":{"a":0,"k":0,"ix":4},"sa":{"a":0,"k":0,"ix":5},"nm":"Transform"}],"nm":"Group 3","np":2,"cix":2,"bm":0,"ix":3,"mn":"ADBE Vector Group","hd":false},{"ty":"gr","it":[{"ind":0,"ty":"sh","ix":1,"ks":{"a":0,"k":{"i":[[13.458,5.85],[-1.612,15.591],[0,0],[-6.904,-13.848],[-4.19,-0.545],[-6.798,48.577],[1.313,-1.69]],"o":[[-6.679,-2.903],[0,0],[-3.979,39.881],[2.684,5.384],[13.704,1.781],[-1.693,2.151],[-4.671,6.015]],"v":[[-4.749,-15.58],[-17.881,-46.52],[-19.191,-46.776],[-14.472,35.97],[-4.142,44.995],[23.171,-34.085],[18.181,-28.196]],"c":true},"ix":2},"nm":"Path 1","mn":"ADBE Vector Shape - Group","hd":false},{"ty":"fl","c":{"a":0,"k":[0.948999980852,0.689999988032,0.573000021542,1],"ix":4},"o":{"a":0,"k":100,"ix":5},"r":1,"bm":0,"nm":"Fill 1","mn":"ADBE Vector Graphic - Fill","hd":false},{"ty":"tr","p":{"a":0,"k":[159.501,189.479],"ix":2},"a":{"a":0,"k":[0,0],"ix":1},"s":{"a":0,"k":[100,100],"ix":3},"r":{"a":0,"k":0,"ix":6},"o":{"a":0,"k":100,"ix":7},"sk":{"a":0,"k":0,"ix":4},"sa":{"a":0,"k":0,"ix":5},"nm":"Transform"}],"nm":"Group 4","np":2,"cix":2,"bm":0,"ix":4,"mn":"ADBE Vector Group","hd":false},{"ty":"gr","it":[{"ind":0,"ty":"sh","ix":1,"ks":{"a":0,"k":{"i":[[-3.979,39.881],[0,0],[-1.847,6.757],[-17.317,15.581],[0,0],[0,0],[0.28,1.294]],"o":[[0,0],[1.939,-7.549],[7.773,-51.064],[-102.166,53.453],[0,0],[-0.339,-1.217],[-6.905,-13.848]],"v":[[44.222,13.702],[41.22,13.117],[46.897,-8.316],[95.837,-123.174],[-95.837,123.174],[49.869,100.218],[48.942,96.448]],"c":true},"ix":2},"nm":"Path 1","mn":"ADBE Vector Shape - Group","hd":false},{"ty":"fl","c":{"a":0,"k":[0.898000021542,0.972999961703,0.976000019148,1],"ix":4},"o":{"a":0,"k":100,"ix":5},"r":1,"bm":0,"nm":"Fill 1","mn":"ADBE Vector Graphic - Fill","hd":false},{"ty":"tr","p":{"a":0,"k":[96.087,129],"ix":2},"a":{"a":0,"k":[0,0],"ix":1},"s":{"a":0,"k":[100,100],"ix":3},"r":{"a":0,"k":0,"ix":6},"o":{"a":0,"k":100,"ix":7},"sk":{"a":0,"k":0,"ix":4},"sa":{"a":0,"k":0,"ix":5},"nm":"Transform"}],"nm":"Group 5","np":2,"cix":2,"bm":0,"ix":5,"mn":"ADBE Vector Group","hd":false}],"ip":0,"op":233.000009490285,"st":0,"bm":0},{"ddd":0,"ind":8,"ty":4,"nm":"legLeft Outlines","parent":5,"sr":1,"ks":{"o":{"a":0,"k":100,"ix":11},"r":{"a":1,"k":[{"i":{"x":[0.833],"y":[1]},"o":{"x":[0.333],"y":[0]},"t":0,"s":[-2]},{"i":{"x":[0.833],"y":[1]},"o":{"x":[0.167],"y":[0]},"t":7.825,"s":[6]},{"i":{"x":[0.833],"y":[1]},"o":{"x":[0.167],"y":[0]},"t":14.53,"s":[15]},{"i":{"x":[0.833],"y":[1]},"o":{"x":[0.167],"y":[0]},"t":29.063,"s":[50]},{"i":{"x":[0.833],"y":[1]},"o":{"x":[0.167],"y":[0]},"t":32.42,"s":[57]},{"i":{"x":[0.833],"y":[1]},"o":{"x":[0.167],"y":[0]},"t":48.164,"s":[57]},{"i":{"x":[0.63],"y":[0.72]},"o":{"x":[0.181],"y":[0]},"t":57.701,"s":[27]},{"i":{"x":[0.667],"y":[1]},"o":{"x":[0.435],"y":[3.063]},"t":63.153,"s":[4.356]},{"i":{"x":[0.833],"y":[1]},"o":{"x":[0.333],"y":[0]},"t":77.414,"s":[-2]},{"i":{"x":[0.833],"y":[1]},"o":{"x":[0.167],"y":[0]},"t":85.239,"s":[6]},{"i":{"x":[0.833],"y":[1]},"o":{"x":[0.167],"y":[0]},"t":91.944,"s":[15]},{"i":{"x":[0.833],"y":[1]},"o":{"x":[0.167],"y":[0]},"t":106.476,"s":[50]},{"i":{"x":[0.833],"y":[1]},"o":{"x":[0.167],"y":[0]},"t":109.834,"s":[57]},{"i":{"x":[0.833],"y":[1]},"o":{"x":[0.167],"y":[0]},"t":125.578,"s":[57]},{"i":{"x":[0.63],"y":[0.72]},"o":{"x":[0.181],"y":[0]},"t":135.115,"s":[27]},{"i":{"x":[0.667],"y":[1]},"o":{"x":[0.435],"y":[4.388]},"t":140.566,"s":[4.356]},{"i":{"x":[0.833],"y":[1]},"o":{"x":[0.333],"y":[0]},"t":161,"s":[-2]},{"i":{"x":[0.833],"y":[1]},"o":{"x":[0.167],"y":[0]},"t":168.825,"s":[6]},{"i":{"x":[0.833],"y":[1]},"o":{"x":[0.167],"y":[0]},"t":175.53,"s":[15]},{"i":{"x":[0.833],"y":[1]},"o":{"x":[0.167],"y":[0]},"t":190.063,"s":[50]},{"i":{"x":[0.833],"y":[1]},"o":{"x":[0.167],"y":[0]},"t":193.42,"s":[57]},{"i":{"x":[0.833],"y":[1]},"o":{"x":[0.167],"y":[0]},"t":209.164,"s":[57]},{"i":{"x":[0.63],"y":[0.72]},"o":{"x":[0.181],"y":[0]},"t":218.701,"s":[27]},{"i":{"x":[0.704],"y":[1]},"o":{"x":[0.435],"y":[1.47]},"t":224.153,"s":[4.356]},{"t":231.000009408823,"s":[-2]}],"ix":10},"p":{"a":1,"k":[{"i":{"x":0.815,"y":0},"o":{"x":0.333,"y":0},"t":0,"s":[269.539,231.396,0],"to":[0,0.483,0],"ti":[0,1.796,0]},{"i":{"x":0.667,"y":0.64},"o":{"x":0.333,"y":0.305},"t":12.299,"s":[269.539,230.852,0],"to":[0,-1.116,0],"ti":[0,-1.229,0]},{"i":{"x":0.74,"y":0},"o":{"x":0.333,"y":0.739},"t":14.53,"s":[269.539,230.403,0],"to":[0,1.329,0],"ti":[0,-2.295,0]},{"i":{"x":0.667,"y":0.547},"o":{"x":0.333,"y":0.463},"t":19,"s":[269.539,232.143,0],"to":[0,3.449,0],"ti":[0,-3.37,0]},{"i":{"x":0.667,"y":1},"o":{"x":0.333,"y":0.252},"t":25.713,"s":[269.539,239.59,0],"to":[0,1.685,0],"ti":[0,0,0]},{"i":{"x":0.833,"y":0.833},"o":{"x":0.333,"y":0},"t":29.063,"s":[269.539,233.396,0],"to":[0,0,0],"ti":[0,0,0]},{"i":{"x":0.833,"y":0.833},"o":{"x":0.167,"y":0.167},"t":32.42,"s":[269.539,228.396,0],"to":[0,0,0],"ti":[0,0,0]},{"i":{"x":0.833,"y":0.833},"o":{"x":0.167,"y":0.167},"t":48.164,"s":[269.539,228.396,0],"to":[0,0,0],"ti":[0,0,0]},{"i":{"x":0.667,"y":1},"o":{"x":0.167,"y":0.167},"t":53.231,"s":[269.539,194.229,0],"to":[0,0,0],"ti":[0,0,0]},{"i":{"x":0.741,"y":0},"o":{"x":0.333,"y":0},"t":57.701,"s":[269.539,158.396,0],"to":[0,0,0],"ti":[0,-18.235,0]},{"i":{"x":0.667,"y":1},"o":{"x":0.333,"y":0.786},"t":63.153,"s":[269.539,170.758,0],"to":[0,16.909,0],"ti":[0,-5.667,0]},{"i":{"x":0.815,"y":0},"o":{"x":0.333,"y":0},"t":77.414,"s":[269.539,231.396,0],"to":[0,0.483,0],"ti":[0,1.796,0]},{"i":{"x":0.667,"y":0.64},"o":{"x":0.333,"y":0.305},"t":89.713,"s":[269.539,230.852,0],"to":[0,-1.116,0],"ti":[0,-1.229,0]},{"i":{"x":0.74,"y":0},"o":{"x":0.333,"y":0.739},"t":91.944,"s":[269.539,230.403,0],"to":[0,1.329,0],"ti":[0,-2.295,0]},{"i":{"x":0.667,"y":0.547},"o":{"x":0.333,"y":0.463},"t":96.414,"s":[269.539,232.143,0],"to":[0,3.449,0],"ti":[0,-3.37,0]},{"i":{"x":0.667,"y":1},"o":{"x":0.333,"y":0.252},"t":103.126,"s":[269.539,239.59,0],"to":[0,1.685,0],"ti":[0,0,0]},{"i":{"x":0.833,"y":0.833},"o":{"x":0.333,"y":0},"t":106.476,"s":[269.539,233.396,0],"to":[0,0,0],"ti":[0,0,0]},{"i":{"x":0.833,"y":0.833},"o":{"x":0.167,"y":0.167},"t":109.834,"s":[269.539,228.396,0],"to":[0,0,0],"ti":[0,0,0]},{"i":{"x":0.833,"y":0.833},"o":{"x":0.167,"y":0.167},"t":125.578,"s":[269.539,228.396,0],"to":[0,0,0],"ti":[0,0,0]},{"i":{"x":0.667,"y":1},"o":{"x":0.167,"y":0.167},"t":130.645,"s":[269.539,194.229,0],"to":[0,0,0],"ti":[0,0,0]},{"i":{"x":0.741,"y":0},"o":{"x":0.333,"y":0},"t":135.115,"s":[269.539,158.396,0],"to":[0,0,0],"ti":[0,-18.235,0]},{"i":{"x":0.667,"y":1},"o":{"x":0.296,"y":1},"t":140.566,"s":[269.539,170.758,0],"to":[0,16.909,0],"ti":[0,-5.667,0]},{"i":{"x":0.815,"y":0},"o":{"x":0.333,"y":0},"t":161,"s":[269.539,231.396,0],"to":[0,0.483,0],"ti":[0,1.796,0]},{"i":{"x":0.667,"y":0.64},"o":{"x":0.333,"y":0.305},"t":173.299,"s":[269.539,230.852,0],"to":[0,-1.116,0],"ti":[0,-1.229,0]},{"i":{"x":0.74,"y":0},"o":{"x":0.333,"y":0.739},"t":175.53,"s":[269.539,230.403,0],"to":[0,1.329,0],"ti":[0,-2.295,0]},{"i":{"x":0.667,"y":0.547},"o":{"x":0.333,"y":0.463},"t":180,"s":[269.539,232.143,0],"to":[0,3.449,0],"ti":[0,-3.37,0]},{"i":{"x":0.667,"y":1},"o":{"x":0.333,"y":0.252},"t":186.713,"s":[269.539,239.59,0],"to":[0,1.685,0],"ti":[0,0,0]},{"i":{"x":0.833,"y":0.833},"o":{"x":0.333,"y":0},"t":190.063,"s":[269.539,233.396,0],"to":[0,0,0],"ti":[0,0,0]},{"i":{"x":0.833,"y":0.833},"o":{"x":0.167,"y":0.167},"t":193.42,"s":[269.539,228.396,0],"to":[0,0,0],"ti":[0,0,0]},{"i":{"x":0.833,"y":0.833},"o":{"x":0.167,"y":0.167},"t":209.164,"s":[269.539,228.396,0],"to":[0,0,0],"ti":[0,0,0]},{"i":{"x":0.667,"y":1},"o":{"x":0.167,"y":0.167},"t":214.231,"s":[269.539,194.229,0],"to":[0,0,0],"ti":[0,0,0]},{"i":{"x":0.741,"y":0},"o":{"x":0.333,"y":0},"t":218.701,"s":[269.539,158.396,0],"to":[0,0,0],"ti":[0,-18.235,0]},{"i":{"x":0.667,"y":1},"o":{"x":0.333,"y":0.377},"t":224.153,"s":[269.539,170.758,0],"to":[0,16.909,0],"ti":[0,-2.726,0]},{"t":231.000009408823,"s":[269.539,231.396,0]}],"ix":2,"l":2},"a":{"a":0,"k":[-33.913,-153.748,0],"ix":1,"l":2},"s":{"a":0,"k":[100,100,100],"ix":6,"l":2}},"ao":0,"shapes":[{"ty":"gr","it":[{"ind":0,"ty":"sh","ix":1,"ks":{"a":0,"k":{"i":[[1.28,-33.94],[28.11,-7.11],[12.46,2.219],[0,0],[3.43,4.1],[3.09,16.75],[1.75,21.7],[-4.23,11.96],[-17.06,4.78],[-7.24,-13.199]],"o":[[-0.771,20.3],[-20.39,5.15],[0,0],[-6.69,-1.201],[-11.2,-13.36],[-3.021,-16.309],[-0.91,-11.24],[4.79,-13.519],[31.85,-8.911],[17.18,31.29]],"v":[[72.765,59.871],[13.255,95.991],[-37.115,101.261],[-37.135,101.261],[-52.485,93.451],[-63.985,15.73],[-73.135,-27.999],[-69.185,-64.56],[-37.925,-94.569],[25.385,-66.97]],"c":true},"ix":2},"nm":"Path 1","mn":"ADBE Vector Shape - Group","hd":false},{"ty":"fl","c":{"a":0,"k":[0.898000021542,0.972999961703,0.976000019148,1],"ix":4},"o":{"a":0,"k":100,"ix":5},"r":1,"bm":0,"nm":"Fill 1","mn":"ADBE Vector Graphic - Fill","hd":false},{"ty":"tr","p":{"a":0,"k":[74.295,103.73],"ix":2},"a":{"a":0,"k":[0,0],"ix":1},"s":{"a":0,"k":[100,100],"ix":3},"r":{"a":0,"k":0,"ix":6},"o":{"a":0,"k":100,"ix":7},"sk":{"a":0,"k":0,"ix":4},"sa":{"a":0,"k":0,"ix":5},"nm":"Transform"}],"nm":"Group 1","np":2,"cix":2,"bm":0,"ix":1,"mn":"ADBE Vector Group","hd":false}],"ip":0,"op":233.000009490285,"st":0,"bm":0},{"ddd":0,"ind":9,"ty":4,"nm":"Bg Outlines","sr":1,"ks":{"o":{"a":0,"k":24,"ix":11},"r":{"a":0,"k":0,"ix":10},"p":{"a":0,"k":[800,600,0],"ix":2,"l":2},"a":{"a":0,"k":[800.25,600.25,0],"ix":1,"l":2},"s":{"a":0,"k":[100,100,100],"ix":6,"l":2}},"ao":0,"shapes":[{"ty":"gr","it":[{"ind":0,"ty":"sh","ix":1,"ks":{"a":0,"k":{"i":[[0,19.606],[144.423,0],[0,-19.606],[-144.422,0]],"o":[[0,-19.606],[-144.422,0],[0,19.606],[144.423,0]],"v":[[261.5,0],[0,-35.5],[-261.5,0],[0,35.5]],"c":true},"ix":2},"nm":"Path 1","mn":"ADBE Vector Shape - Group","hd":false},{"ty":"fl","c":{"a":0,"k":[0.006428296678,0.080986686051,0.086274512112,1],"ix":4},"o":{"a":0,"k":100,"ix":5},"r":1,"bm":0,"nm":"Fill 1","mn":"ADBE Vector Graphic - Fill","hd":false},{"ty":"tr","p":{"a":0,"k":[778.75,981.75],"ix":2},"a":{"a":0,"k":[0,0],"ix":1},"s":{"a":0,"k":[100,100],"ix":3},"r":{"a":0,"k":0,"ix":6},"o":{"a":0,"k":100,"ix":7},"sk":{"a":0,"k":0,"ix":4},"sa":{"a":0,"k":0,"ix":5},"nm":"Transform"}],"nm":"Group 1","np":2,"cix":2,"bm":0,"ix":1,"mn":"ADBE Vector Group","hd":false}],"ip":0,"op":233.000009490285,"st":-78.0000031770051,"bm":0}],"markers":[]}